timestamp,open,high,low,close,volume
2026-09-04T00:00:00+00:00,1.9540,1.9570,1.9470,1.9500,237173
2026-09-04T00:05:00+00:00,1.9490,1.9510,1.9450,1.9490,204103
2026-09-04T00:10:00+00:00,1.9500,1.9510,1.9440,1.9470,245027
2026-09-04T00:15:00+00:00,1.9460,1.9530,1.9450,1.9470,225582
2026-09-04T00:20:00+00:00,1.9470,1.9510,1.9460,1.9480,54936
2026-09-04T00:25:00+00:00,1.9480,1.9480,1.9430,1.9440,117266
2026-09-04T00:30:00+00:00,1.9440,1.9510,1.9430,1.9500,184340
2026-09-04T00:35:00+00:00,1.9490,1.9520,1.9480,1.9510,83108
2026-09-04T00:40:00+00:00,1.9510,1.9600,1.9500,1.9520,572551
2026-09-04T00:45:00+00:00,1.9520,1.9540,1.9480,1.9500,151842
2026-09-04T00:50:00+00:00,1.9510,1.9540,1.9460,1.9500,280914
2026-09-04T00:55:00+00:00,1.9500,1.9510,1.9410,1.9420,205083
2026-09-04T01:00:00+00:00,1.9430,1.9490,1.9380,1.9390,386938
2026-09-04T01:05:00+00:00,1.9380,1.9490,1.9350,1.9460,428754
2026-09-04T01:10:00+00:00,1.9450,1.9480,1.9400,1.9440,198006
2026-09-04T01:15:00+00:00,1.9430,1.9480,1.9410,1.9460,88333
2026-09-04T01:20:00+00:00,1.9460,1.9500,1.9400,1.9400,158295
2026-09-04T01:25:00+00:00,1.9410,1.9450,1.9380,1.9400,196764
2026-09-04T01:30:00+00:00,1.9410,1.9440,1.9360,1.9380,215229
2026-09-04T01:35:00+00:00,1.9370,1.9410,1.9350,1.9360,124649
2026-09-04T01:40:00+00:00,1.9360,1.9380,1.9270,1.9330,538228
2026-09-04T01:45:00+00:00,1.9320,1.9380,1.9300,1.9350,296517
2026-09-04T01:50:00+00:00,1.9340,1.9430,1.9330,1.9420,259210
2026-09-04T01:55:00+00:00,1.9430,1.9440,1.9400,1.9410,113290
2026-09-04T02:00:00+00:00,1.9400,1.9420,1.9340,1.9350,245146
2026-09-04T02:05:00+00:00,1.9350,1.9400,1.9320,1.9350,204933
2026-09-04T02:10:00+00:00,1.9350,1.9400,1.9340,1.9400,312569
2026-09-04T02:15:00+00:00,1.9400,1.9430,1.9380,1.9380,137075
2026-09-04T02:20:00+00:00,1.9390,1.9390,1.9340,1.9350,221171
2026-09-04T02:25:00+00:00,1.9350,1.9390,1.9340,1.9380,118791
2026-09-04T02:30:00+00:00,1.9380,1.9420,1.9370,1.9370,91036
2026-09-04T02:35:00+00:00,1.9370,1.9430,1.9360,1.9430,55899
2026-09-04T02:40:00+00:00,1.9430,1.9430,1.9390,1.9400,63285
2026-09-04T02:45:00+00:00,1.9400,1.9470,1.9370,1.9440,181273
2026-09-04T02:50:00+00:00,1.9450,1.9540,1.9450,1.9540,133669
2026-09-04T02:55:00+00:00,1.9530,1.9560,1.9500,1.9550,96469
2026-09-04T03:00:00+00:00,1.9560,1.9600,1.9540,1.9570,241725
2026-09-04T03:05:00+00:00,1.9560,1.9590,1.9510,1.9530,151824
2026-09-04T03:10:00+00:00,1.9530,1.9530,1.9460,1.9470,236480
2026-09-04T03:15:00+00:00,1.9460,1.9480,1.9450,1.9470,68530
2026-09-04T03:20:00+00:00,1.9460,1.9470,1.9420,1.9450,100570
2026-09-04T03:25:00+00:00,1.9450,1.9460,1.9400,1.9410,97749
2026-09-04T03:30:00+00:00,1.9420,1.9480,1.9410,1.9410,426435
2026-09-04T03:35:00+00:00,1.9410,1.9510,1.9400,1.9510,179422
2026-09-04T03:40:00+00:00,1.9520,1.9530,1.9490,1.9510,103761
2026-09-04T03:45:00+00:00,1.9510,1.9550,1.9500,1.9530,142163
2026-09-04T03:50:00+00:00,1.9530,1.9550,1.9510,1.9550,50228
2026-09-04T03:55:00+00:00,1.9540,1.9550,1.9520,1.9520,100969
2026-09-04T04:00:00+00:00,1.9510,1.9550,1.9480,1.9490,134306
2026-09-04T04:05:00+00:00,1.9490,1.9500,1.9440,1.9460,96254
2026-09-04T04:10:00+00:00,1.9460,1.9500,1.9450,1.9480,112258
2026-09-04T04:15:00+00:00,1.9490,1.9560,1.9490,1.9560,123031
2026-09-04T04:20:00+00:00,1.9550,1.9570,1.9530,1.9570,102664
2026-09-04T04:25:00+00:00,1.9570,1.9580,1.9520,1.9580,198032
2026-09-04T04:30:00+00:00,1.9570,1.9640,1.9560,1.9600,664277
2026-09-04T04:35:00+00:00,1.9600,1.9600,1.9500,1.9510,100247
2026-09-04T04:40:00+00:00,1.9510,1.9510,1.9470,1.9470,117126
2026-09-04T04:45:00+00:00,1.9480,1.9500,1.9470,1.9490,50577
2026-09-04T04:50:00+00:00,1.9480,1.9490,1.9470,1.9480,39225
2026-09-04T04:55:00+00:00,1.9470,1.9490,1.9450,1.9450,89070
2026-09-04T05:00:00+00:00,1.9460,1.9460,1.9390,1.9420,234334
2026-09-04T05:05:00+00:00,1.9410,1.9440,1.9400,1.9410,150180
2026-09-04T05:10:00+00:00,1.9420,1.9440,1.9390,1.9400,102865
2026-09-04T05:15:00+00:00,1.9400,1.9470,1.9370,1.9460,196175
2026-09-04T05:20:00+00:00,1.9450,1.9450,1.9400,1.9430,184980
2026-09-04T05:25:00+00:00,1.9440,1.9440,1.9340,1.9340,175176
2026-09-04T05:30:00+00:00,1.9340,1.9350,1.9280,1.9340,290425
2026-09-04T05:35:00+00:00,1.9330,1.9360,1.9170,1.9210,1225528
2026-09-04T05:40:00+00:00,1.9210,1.9290,1.9210,1.9280,244351
2026-09-04T05:45:00+00:00,1.9280,1.9340,1.9170,1.9170,707837
2026-09-04T05:50:00+00:00,1.9170,1.9210,1.9140,1.9200,521514
2026-09-04T05:55:00+00:00,1.9190,1.9280,1.9180,1.9250,226008
2026-09-04T06:00:00+00:00,1.9250,1.9250,1.9170,1.9200,196704
2026-09-04T06:05:00+00:00,1.9200,1.9240,1.9190,1.9230,98185
2026-09-04T06:10:00+00:00,1.9240,1.9280,1.9210,1.9220,215727
2026-09-04T06:15:00+00:00,1.9220,1.9230,1.9190,1.9220,165835
2026-09-04T06:20:00+00:00,1.9210,1.9220,1.9170,1.9170,85965
2026-09-04T06:25:00+00:00,1.9170,1.9250,1.9170,1.9230,422835
2026-09-04T06:30:00+00:00,1.9230,1.9380,1.9230,1.9340,493472
2026-09-04T06:35:00+00:00,1.9340,1.9450,1.9320,1.9400,1067917
2026-09-04T06:40:00+00:00,1.9400,1.9460,1.9380,1.9430,322399
2026-09-04T06:45:00+00:00,1.9430,1.9460,1.9390,1.9450,308883
2026-09-04T06:50:00+00:00,1.9460,1.9490,1.9430,1.9490,267201
2026-09-04T06:55:00+00:00,1.9480,1.9590,1.9470,1.9570,585684
2026-09-04T07:00:00+00:00,1.9560,1.9790,1.9560,1.9780,1378295
2026-09-04T07:05:00+00:00,1.9780,1.9870,1.9740,1.9850,749547
2026-09-04T07:10:00+00:00,1.9850,1.9900,1.9750,1.9780,1642956
2026-09-04T07:15:00+00:00,1.9780,1.9830,1.9700,1.9770,452850
2026-09-04T07:20:00+00:00,1.9760,1.9780,1.9700,1.9730,301673
2026-09-04T07:25:00+00:00,1.9730,1.9750,1.9710,1.9740,144601
2026-09-04T07:30:00+00:00,1.9740,1.9770,1.9680,1.9710,224936
2026-09-04T07:35:00+00:00,1.9710,1.9710,1.9610,1.9630,413242
2026-09-04T07:40:00+00:00,1.9640,1.9670,1.9630,1.9650,160703
2026-09-04T07:45:00+00:00,1.9650,1.9690,1.9600,1.9680,180169
2026-09-04T07:50:00+00:00,1.9680,1.9690,1.9560,1.9580,484875
2026-09-04T07:55:00+00:00,1.9570,1.9630,1.9530,1.9580,329067
2026-09-04T08:00:00+00:00,1.9590,1.9600,1.9530,1.9560,351939
2026-09-04T08:05:00+00:00,1.9560,1.9620,1.9520,1.9570,279440
2026-09-04T08:10:00+00:00,1.9570,1.9590,1.9540,1.9560,167508
2026-09-04T08:15:00+00:00,1.9570,1.9630,1.9560,1.9620,127508
2026-09-04T08:20:00+00:00,1.9620,1.9650,1.9580,1.9650,216163
2026-09-04T08:25:00+00:00,1.9650,1.9710,1.9630,1.9670,407782
2026-09-04T08:30:00+00:00,1.9660,1.9660,1.9590,1.9630,259201
2026-09-04T08:35:00+00:00,1.9630,1.9640,1.9580,1.9600,278570
2026-09-04T08:40:00+00:00,1.9600,1.9640,1.9580,1.9590,139672
2026-09-04T08:45:00+00:00,1.9590,1.9660,1.9550,1.9640,572428
2026-09-04T08:50:00+00:00,1.9640,1.9760,1.9620,1.9740,684337
2026-09-04T08:55:00+00:00,1.9740,1.9810,1.9680,1.9810,810973
2026-09-04T09:00:00+00:00,1.9810,1.9820,1.9740,1.9780,451964
2026-09-04T09:05:00+00:00,1.9790,1.9920,1.9760,1.9910,846841
2026-09-04T09:10:00+00:00,1.9900,2.0030,1.9880,1.9880,967375
2026-09-04T09:15:00+00:00,1.9890,2.0000,1.9880,1.9950,406221
2026-09-04T09:20:00+00:00,1.9960,1.9970,1.9810,1.9820,497143
2026-09-04T09:25:00+00:00,1.9830,1.9970,1.9820,1.9940,321820
2026-09-04T09:30:00+00:00,1.9930,2.0070,1.9890,2.0030,710889
2026-09-04T09:35:00+00:00,2.0030,2.0160,2.0020,2.0100,1544533
2026-09-04T09:40:00+00:00,2.0100,2.0230,2.0090,2.0190,904568
2026-09-04T09:45:00+00:00,2.0200,2.0220,2.0080,2.0120,451278
2026-09-04T09:50:00+00:00,2.0130,2.0300,2.0110,2.0290,524302
2026-09-04T09:55:00+00:00,2.0290,2.0310,2.0190,2.0200,659968
2026-09-04T10:00:00+00:00,2.0210,2.0370,2.0200,2.0280,790812
2026-09-04T10:05:00+00:00,2.0290,2.0290,2.0120,2.0130,644362
2026-09-04T10:10:00+00:00,2.0130,2.0160,1.9980,2.0040,777484
2026-09-04T10:15:00+00:00,2.0040,2.0050,1.9920,1.9940,598225
2026-09-04T10:20:00+00:00,1.9950,2.0060,1.9950,2.0040,456015
2026-09-04T10:25:00+00:00,2.0040,2.0080,2.0010,2.0060,231879
2026-09-04T10:30:00+00:00,2.0050,2.0050,1.9970,2.0040,392096
2026-09-04T10:35:00+00:00,2.0030,2.0110,1.9990,2.0110,351608
2026-09-04T10:40:00+00:00,2.0110,2.0130,2.0050,2.0080,343753
2026-09-04T10:45:00+00:00,2.0070,2.0080,2.0030,2.0040,151444
2026-09-04T10:50:00+00:00,2.0040,2.0060,2.0000,2.0010,182028
2026-09-04T10:55:00+00:00,2.0010,2.0040,2.0000,2.0010,82791
2026-09-04T11:00:00+00:00,2.0020,2.0060,1.9980,2.0040,173139
2026-09-04T11:05:00+00:00,2.0040,2.0160,2.0020,2.0150,360214
2026-09-04T11:10:00+00:00,2.0150,2.0170,2.0100,2.0150,206984
2026-09-04T11:15:00+00:00,2.0150,2.0200,2.0100,2.0120,191985
2026-09-04T11:20:00+00:00,2.0120,2.0220,2.0100,2.0130,367268
2026-09-04T11:25:00+00:00,2.0130,2.0200,2.0120,2.0190,122881
2026-09-04T11:30:00+00:00,2.0190,2.0270,2.0160,2.0230,291850
2026-09-04T11:35:00+00:00,2.0230,2.0290,2.0220,2.0240,248073
2026-09-04T11:40:00+00:00,2.0250,2.0300,2.0230,2.0300,295477
2026-09-04T11:45:00+00:00,2.0290,2.0300,2.0190,2.0210,259076
2026-09-04T11:50:00+00:00,2.0220,2.0280,2.0180,2.0270,306508
2026-09-04T11:55:00+00:00,2.0280,2.0290,2.0210,2.0220,286782
2026-09-04T12:00:00+00:00,2.0220,2.0280,2.0080,2.0110,656493
2026-09-04T12:05:00+00:00,2.0120,2.0170,2.0050,2.0150,539827
2026-09-04T12:10:00+00:00,2.0150,2.0160,2.0000,2.0150,920907
2026-09-04T12:15:00+00:00,2.0150,2.0170,2.0070,2.0130,459183
2026-09-04T12:20:00+00:00,2.0130,2.0150,2.0080,2.0120,145212
2026-09-04T12:25:00+00:00,2.0110,2.0240,2.0090,2.0200,403471
2026-09-04T12:30:00+00:00,2.0190,2.0190,1.9220,1.9600,7950639
2026-09-04T12:35:00+00:00,1.9590,1.9660,1.9430,1.9580,2054275
2026-09-04T12:40:00+00:00,1.9580,1.9680,1.9530,1.9530,1186161
2026-09-04T12:45:00+00:00,1.9540,1.9550,1.9200,1.9450,2642834
2026-09-04T12:50:00+00:00,1.9440,1.9570,1.9420,1.9540,796287
2026-09-04T12:55:00+00:00,1.9550,1.9550,1.9350,1.9420,770438
2026-09-04T13:00:00+00:00,1.9420,1.9480,1.9370,1.9420,561827
2026-09-04T13:05:00+00:00,1.9420,1.9490,1.9380,1.9410,442101
2026-09-04T13:10:00+00:00,1.9420,1.9490,1.9350,1.9450,763813
2026-09-04T13:15:00+00:00,1.9450,1.9510,1.9350,1.9490,877980
2026-09-04T13:20:00+00:00,1.9490,1.9620,1.9490,1.9610,812804
2026-09-04T13:25:00+00:00,1.9600,1.9650,1.9570,1.9610,338735
2026-09-04T13:30:00+00:00,1.9610,1.9730,1.9570,1.9590,614879
2026-09-04T13:35:00+00:00,1.9590,1.9680,1.9500,1.9640,510321
2026-09-04T13:40:00+00:00,1.9640,1.9700,1.9630,1.9660,495106
2026-09-04T13:45:00+00:00,1.9670,1.9850,1.9650,1.9820,616360
2026-09-04T13:50:00+00:00,1.9830,1.9880,1.9720,1.9730,675694
2026-09-04T13:55:00+00:00,1.9740,1.9810,1.9730,1.9750,255448
2026-09-04T14:00:00+00:00,1.9750,1.9800,1.9660,1.9710,289315
2026-09-04T14:05:00+00:00,1.9710,1.9710,1.9560,1.9570,268152
2026-09-04T14:10:00+00:00,1.9560,1.9610,1.9530,1.9570,346637
2026-09-04T14:15:00+00:00,1.9580,1.9600,1.9370,1.9370,832933
2026-09-04T14:20:00+00:00,1.9360,1.9450,1.9290,1.9400,750674
2026-09-04T14:25:00+00:00,1.9400,1.9440,1.9380,1.9410,174530
2026-09-04T14:30:00+00:00,1.9420,1.9430,1.9350,1.9390,334159
2026-09-04T14:35:00+00:00,1.9380,1.9460,1.9300,1.9370,466553
2026-09-04T14:40:00+00:00,1.9370,1.9390,1.9160,1.9230,827187
2026-09-04T14:45:00+00:00,1.9230,1.9280,1.9070,1.9080,1415954
2026-09-04T14:50:00+00:00,1.9090,1.9150,1.9050,1.9130,629131
2026-09-04T14:55:00+00:00,1.9130,1.9250,1.9130,1.9210,359299
2026-09-04T15:00:00+00:00,1.9210,1.9320,1.9120,1.9310,652033
2026-09-04T15:05:00+00:00,1.9310,1.9330,1.9260,1.9330,308364
2026-09-04T15:10:00+00:00,1.9320,1.9360,1.9290,1.9360,173224
2026-09-04T15:15:00+00:00,1.9360,1.9370,1.9320,1.9340,170816
2026-09-04T15:20:00+00:00,1.9330,1.9380,1.9320,1.9360,167029
2026-09-04T15:25:00+00:00,1.9360,1.9390,1.9340,1.9370,332844
2026-09-04T15:30:00+00:00,1.9380,1.9390,1.9290,1.9290,389692
2026-09-04T15:35:00+00:00,1.9300,1.9360,1.9300,1.9360,171155
2026-09-04T15:40:00+00:00,1.9360,1.9420,1.9360,1.9420,232445
2026-09-04T15:45:00+00:00,1.9420,1.9420,1.9340,1.9350,162071
2026-09-04T15:50:00+00:00,1.9360,1.9410,1.9350,1.9410,87096
2026-09-04T15:55:00+00:00,1.9410,1.9450,1.9380,1.9430,187963
2026-09-04T16:00:00+00:00,1.9440,1.9440,1.9390,1.9390,365968
2026-09-04T16:05:00+00:00,1.9400,1.9490,1.9400,1.9480,144580
2026-09-04T16:10:00+00:00,1.9480,1.9520,1.9460,1.9460,131858
2026-09-04T16:15:00+00:00,1.9470,1.9510,1.9450,1.9470,166126
2026-09-04T16:20:00+00:00,1.9460,1.9500,1.9430,1.9470,128789
2026-09-04T16:25:00+00:00,1.9460,1.9520,1.9450,1.9510,128043
2026-09-04T16:30:00+00:00,1.9520,1.9670,1.9490,1.9640,607487
2026-09-04T16:35:00+00:00,1.9650,1.9670,1.9590,1.9630,293053
2026-09-04T16:40:00+00:00,1.9630,1.9720,1.9630,1.9650,568464
2026-09-04T16:45:00+00:00,1.9650,1.9820,1.9610,1.9780,742076
2026-09-04T16:50:00+00:00,1.9790,1.9890,1.9730,1.9760,944999
2026-09-04T16:55:00+00:00,1.9770,1.9770,1.9710,1.9730,195354
2026-09-04T17:00:00+00:00,1.9740,1.9770,1.9690,1.9730,225694
2026-09-04T17:05:00+00:00,1.9720,1.9780,1.9690,1.9760,221851
2026-09-04T17:10:00+00:00,1.9760,1.9840,1.9690,1.9690,428859
2026-09-04T17:15:00+00:00,1.9700,1.9800,1.9650,1.9800,390438
2026-09-04T17:20:00+00:00,1.9800,1.9920,1.9760,1.9850,703380
2026-09-04T17:25:00+00:00,1.9840,2.0020,1.9800,1.9950,1055442
2026-09-04T17:30:00+00:00,1.9950,2.0110,1.9950,2.0050,863294
2026-09-04T17:35:00+00:00,2.0060,2.0070,1.9890,1.9890,490351
2026-09-04T17:40:00+00:00,1.9900,1.9920,1.9760,1.9810,645638
2026-09-04T17:45:00+00:00,1.9810,1.9820,1.9720,1.9740,565889
2026-09-04T17:50:00+00:00,1.9740,1.9770,1.9690,1.9740,416609
2026-09-04T17:55:00+00:00,1.9750,1.9770,1.9710,1.9760,122808
2026-09-04T18:00:00+00:00,1.9760,2.0020,1.9750,1.9980,1216478
2026-09-04T18:05:00+00:00,1.9980,2.0050,1.9920,2.0010,391032
2026-09-04T18:10:00+00:00,2.0010,2.0010,1.9870,1.9890,239639
2026-09-04T18:15:00+00:00,1.9890,2.0020,1.9870,2.0010,256887
2026-09-04T18:20:00+00:00,2.0020,2.0050,1.9910,1.9920,468700
2026-09-04T18:25:00+00:00,1.9930,1.9940,1.9850,1.9870,230862
2026-09-04T18:30:00+00:00,1.9870,1.9960,1.9870,1.9960,192833
2026-09-04T18:35:00+00:00,1.9970,2.0110,1.9950,2.0090,412719
2026-09-04T18:40:00+00:00,2.0090,2.0280,2.0090,2.0270,1214763
2026-09-04T18:45:00+00:00,2.0280,2.0390,2.0220,2.0350,879103
2026-09-04T18:50:00+00:00,2.0340,2.0370,2.0260,2.0330,518759
2026-09-04T18:55:00+00:00,2.0330,2.0340,2.0210,2.0220,422958
2026-09-04T19:00:00+00:00,2.0230,2.0270,2.0140,2.0150,993626
2026-09-04T19:05:00+00:00,2.0150,2.0230,2.0140,2.0180,513401
2026-09-04T19:10:00+00:00,2.0180,2.0300,2.0130,2.0290,393913
2026-09-04T19:15:00+00:00,2.0280,2.0670,2.0270,2.0640,1470511
2026-09-04T19:20:00+00:00,2.0630,2.0840,2.0590,2.0820,1096430
2026-09-04T19:25:00+00:00,2.0810,2.1170,2.0800,2.1130,2640838
2026-09-04T19:30:00+00:00,2.1130,2.1260,2.0960,2.1170,2019466
2026-09-04T19:35:00+00:00,2.1160,2.1500,2.1130,2.1480,3017053
2026-09-04T19:40:00+00:00,2.1470,2.1640,2.1420,2.1640,2186931
2026-09-04T19:45:00+00:00,2.1630,2.1880,2.1500,2.1770,2270267
2026-09-04T19:50:00+00:00,2.1770,2.1780,2.1620,2.1720,781364
2026-09-04T19:55:00+00:00,2.1720,2.1740,2.1590,2.1660,619532
2026-09-04T20:00:00+00:00,2.1660,2.1720,2.1430,2.1440,1532798
2026-09-04T20:05:00+00:00,2.1440,2.1450,2.1220,2.1260,1376743
2026-09-04T20:10:00+00:00,2.1260,2.1330,2.1120,2.1150,964377
2026-09-04T20:15:00+00:00,2.1140,2.1150,2.1000,2.1110,1076396
2026-09-04T20:20:00+00:00,2.1110,2.1190,2.1020,2.1020,1173557
2026-09-04T20:25:00+00:00,2.1030,2.1170,2.0990,2.1120,857530
2026-09-04T20:30:00+00:00,2.1130,2.1250,2.1110,2.1180,812570
2026-09-04T20:35:00+00:00,2.1180,2.1450,2.1130,2.1440,1278828
2026-09-04T20:40:00+00:00,2.1440,2.1500,2.1160,2.1220,1232298
2026-09-04T20:45:00+00:00,2.1230,2.1310,2.1120,2.1190,519299
2026-09-04T20:50:00+00:00,2.1180,2.1190,2.1060,2.1130,370024
2026-09-04T20:55:00+00:00,2.1130,2.1150,2.1050,2.1060,540102
2026-09-04T21:00:00+00:00,2.1070,2.1260,2.1060,2.1250,559043
2026-09-04T21:05:00+00:00,2.1250,2.1340,2.1180,2.1260,502180
2026-09-04T21:10:00+00:00,2.1260,2.1320,2.1220,2.1240,446300
2026-09-04T21:15:00+00:00,2.1240,2.1310,2.1180,2.1210,306899
2026-09-04T21:20:00+00:00,2.1220,2.1260,2.1180,2.1190,203334
2026-09-04T21:25:00+00:00,2.1180,2.1210,2.1000,2.1050,304524
2026-09-04T21:30:00+00:00,2.1040,2.1130,2.1000,2.1030,213849
2026-09-04T21:35:00+00:00,2.1020,2.1200,2.1020,2.1130,272906
2026-09-04T21:40:00+00:00,2.1140,2.1230,2.1100,2.1110,272281
2026-09-04T21:45:00+00:00,2.1100,2.1190,2.1070,2.1090,160785
2026-09-04T21:50:00+00:00,2.1090,2.1110,2.0820,2.0910,1305593
2026-09-04T21:55:00+00:00,2.0920,2.0990,2.0840,2.0930,761464
2026-09-04T22:00:00+00:00,2.0930,2.1300,2.0920,2.1300,1350482
2026-09-04T22:05:00+00:00,2.1300,2.1310,2.1110,2.1120,575836
2026-09-04T22:10:00+00:00,2.1130,2.1180,2.1070,2.1170,344749
2026-09-04T22:15:00+00:00,2.1170,2.1310,2.1090,2.1290,665839
2026-09-04T22:20:00+00:00,2.1300,2.1410,2.1210,2.1330,761178
2026-09-04T22:25:00+00:00,2.1340,2.1430,2.1320,2.1430,261065
2026-09-04T22:30:00+00:00,2.1430,2.1440,2.1320,2.1340,281131
2026-09-04T22:35:00+00:00,2.1330,2.1350,2.1230,2.1270,376704
2026-09-04T22:40:00+00:00,2.1260,2.1320,2.1240,2.1300,255525
2026-09-04T22:45:00+00:00,2.1300,2.1360,2.1200,2.1230,503872
2026-09-04T22:50:00+00:00,2.1230,2.1310,2.1200,2.1260,271042
2026-09-04T22:55:00+00:00,2.1250,2.1280,2.1240,2.1280,227131
2026-09-04T23:00:00+00:00,2.1270,2.1340,2.1230,2.1300,455312
2026-09-04T23:05:00+00:00,2.1300,2.1400,2.1290,2.1400,364654
2026-09-04T23:10:00+00:00,2.1400,2.1400,2.1310,2.1310,292846
2026-09-04T23:15:00+00:00,2.1310,2.1450,2.1310,2.1440,237738
2026-09-04T23:20:00+00:00,2.1450,2.1480,2.1390,2.1450,560044
2026-09-04T23:25:00+00:00,2.1450,2.1750,2.1440,2.1740,1462146
2026-09-04T23:30:00+00:00,2.1740,2.1860,2.1730,2.1770,1162906
2026-09-04T23:35:00+00:00,2.1770,2.1950,2.1760,2.1860,1228170
2026-09-04T23:40:00+00:00,2.1860,2.1930,2.1760,2.1860,967980
2026-09-04T23:45:00+00:00,2.1860,2.1980,2.1830,2.1850,642418
2026-09-04T23:50:00+00:00,2.1840,2.1890,2.1710,2.1740,743440
2026-09-04T23:55:00+00:00,2.1750,2.1750,2.1670,2.1720,547222
2026-09-05T00:00:00+00:00,2.1720,2.1850,2.1680,2.1750,889445
2026-09-05T00:05:00+00:00,2.1760,2.2000,2.1750,2.1990,1277492
2026-09-05T00:10:00+00:00,2.1990,2.2070,2.1940,2.2040,1207986
2026-09-05T00:15:00+00:00,2.2030,2.2290,2.2000,2.2180,1723514
2026-09-05T00:20:00+00:00,2.2180,2.2350,2.2130,2.2300,1345749
2026-09-05T00:25:00+00:00,2.2300,2.2480,2.2290,2.2430,1761200
2026-09-05T00:30:00+00:00,2.2420,2.2460,2.2340,2.2430,939961
2026-09-05T00:35:00+00:00,2.2430,2.2430,2.2320,2.2360,689873
2026-09-05T00:40:00+00:00,2.2360,2.2500,2.2330,2.2410,1116511
2026-09-05T00:45:00+00:00,2.2410,2.2410,2.2110,2.2140,1342983
2026-09-05T00:50:00+00:00,2.2150,2.2420,2.2120,2.2320,1041680
2026-09-05T00:55:00+00:00,2.2320,2.2340,2.2160,2.2230,557001
2026-09-05T01:00:00+00:00,2.2230,2.2340,2.2190,2.2190,438338
2026-09-05T01:05:00+00:00,2.2190,2.2520,2.2190,2.2480,1163535
2026-09-05T01:10:00+00:00,2.2470,2.2700,2.2440,2.2480,1849731
2026-09-05T01:15:00+00:00,2.2490,2.2740,2.2460,2.2540,1416171
2026-09-05T01:20:00+00:00,2.2530,2.2570,2.2390,2.2420,639231
2026-09-05T01:25:00+00:00,2.2420,2.2430,2.2230,2.2270,942712
2026-09-05T01:30:00+00:00,2.2270,2.2320,2.2230,2.2240,512435
2026-09-05T01:35:00+00:00,2.2240,2.2350,2.2170,2.2290,573223
2026-09-05T01:40:00+00:00,2.2280,2.2390,2.2230,2.2370,339621
2026-09-05T01:45:00+00:00,2.2370,2.2410,2.2190,2.2220,474531
2026-09-05T01:50:00+00:00,2.2220,2.2340,2.2200,2.2240,341591
2026-09-05T01:55:00+00:00,2.2240,2.2270,2.2100,2.2130,373586
2026-09-05T02:00:00+00:00,2.2130,2.2160,2.1870,2.1980,1253028
2026-09-05T02:05:00+00:00,2.1990,2.2010,2.1820,2.1920,734794
2026-09-05T02:10:00+00:00,2.1920,2.1940,2.1850,2.1870,394039
2026-09-05T02:15:00+00:00,2.1870,2.1910,2.1780,2.1790,635487
2026-09-05T02:20:00+00:00,2.1790,2.1930,2.1710,2.1930,727527
2026-09-05T02:25:00+00:00,2.1930,2.1970,2.1790,2.1840,444575
2026-09-05T02:30:00+00:00,2.1830,2.1910,2.1820,2.1870,309786
2026-09-05T02:35:00+00:00,2.1880,2.2140,2.1860,2.2140,558273
2026-09-05T02:40:00+00:00,2.2140,2.2250,2.2120,2.2200,515647
2026-09-05T02:45:00+00:00,2.2200,2.2210,2.2060,2.2160,543069
2026-09-05T02:50:00+00:00,2.2160,2.2210,2.2100,2.2190,245547
2026-09-05T02:55:00+00:00,2.2200,2.2220,2.2110,2.2150,449140
2026-09-05T03:00:00+00:00,2.2140,2.2360,2.2140,2.2350,535465
2026-09-05T03:05:00+00:00,2.2340,2.2350,2.2220,2.2240,467993
2026-09-05T03:10:00+00:00,2.2230,2.2290,2.2150,2.2220,537840
2026-09-05T03:15:00+00:00,2.2210,2.2430,2.2200,2.2380,558808
2026-09-05T03:20:00+00:00,2.2370,2.2480,2.2290,2.2450,391920
2026-09-05T03:25:00+00:00,2.2450,2.2510,2.2400,2.2420,426861
2026-09-05T03:30:00+00:00,2.2420,2.2420,2.2300,2.2390,398476
2026-09-05T03:35:00+00:00,2.2380,2.2460,2.2350,2.2400,237257
2026-09-05T03:40:00+00:00,2.2400,2.2410,2.2320,2.2390,182782
2026-09-05T03:45:00+00:00,2.2400,2.2420,2.2330,2.2400,358590
2026-09-05T03:50:00+00:00,2.2410,2.2460,2.2310,2.2320,267302
2026-09-05T03:55:00+00:00,2.2320,2.2330,2.2220,2.2250,415744
2026-09-05T04:00:00+00:00,2.2240,2.2350,2.2180,2.2310,624163
2026-09-05T04:05:00+00:00,2.2310,2.2390,2.2220,2.2270,347311
2026-09-05T04:10:00+00:00,2.2260,2.2270,2.2150,2.2180,261230
2026-09-05T04:15:00+00:00,2.2190,2.2220,2.2140,2.2150,273749
2026-09-05T04:20:00+00:00,2.2160,2.2260,2.2160,2.2210,150914
2026-09-05T04:25:00+00:00,2.2210,2.2260,2.2180,2.2220,182789
2026-09-05T04:30:00+00:00,2.2230,2.2350,2.2230,2.2320,241231
2026-09-05T04:35:00+00:00,2.2320,2.2360,2.2270,2.2320,228718
2026-09-05T04:40:00+00:00,2.2310,2.2350,2.2220,2.2230,187996
2026-09-05T04:45:00+00:00,2.2230,2.2300,2.2120,2.2150,326266
2026-09-05T04:50:00+00:00,2.2160,2.2350,2.2160,2.2340,255005
2026-09-05T04:55:00+00:00,2.2350,2.2350,2.2230,2.2230,255003
2026-09-05T05:00:00+00:00,2.2240,2.2240,2.1960,2.2010,1025781
2026-09-05T05:05:00+00:00,2.2010,2.2080,2.1920,2.2060,646632
2026-09-05T05:10:00+00:00,2.2060,2.2110,2.2050,2.2070,326581
2026-09-05T05:15:00+00:00,2.2070,2.2130,2.2030,2.2050,427597
2026-09-05T05:20:00+00:00,2.2050,2.2050,2.1860,2.1870,837428
2026-09-05T05:25:00+00:00,2.1870,2.2010,2.1830,2.1990,663984
2026-09-05T05:30:00+00:00,2.1990,2.2030,2.1980,2.2000,196415
2026-09-05T05:35:00+00:00,2.1990,2.2020,2.1960,2.1990,110313
2026-09-05T05:40:00+00:00,2.1990,2.2040,2.1960,2.2010,303147
2026-09-05T05:45:00+00:00,2.2010,2.2200,2.1980,2.2200,961372
2026-09-05T05:50:00+00:00,2.2200,2.2420,2.2200,2.2330,753335
2026-09-05T05:55:00+00:00,2.2340,2.2400,2.2250,2.2350,586242
2026-09-05T06:00:00+00:00,2.2350,2.2380,2.2200,2.2240,679262
2026-09-05T06:05:00+00:00,2.2230,2.2260,2.2130,2.2150,717099
2026-09-05T06:10:00+00:00,2.2150,2.2260,2.2120,2.2180,571092
2026-09-05T06:15:00+00:00,2.2180,2.2250,2.2060,2.2210,680073
2026-09-05T06:20:00+00:00,2.2220,2.2360,2.2200,2.2330,329541
2026-09-05T06:25:00+00:00,2.2330,2.2330,2.2250,2.2300,127611
2026-09-05T06:30:00+00:00,2.2300,2.2610,2.2270,2.2590,792176
2026-09-05T06:35:00+00:00,2.2600,2.2770,2.2570,2.2700,1300308
2026-09-05T06:40:00+00:00,2.2700,2.2710,2.2530,2.2540,543283
2026-09-05T06:45:00+00:00,2.2540,2.2760,2.2510,2.2720,721378
2026-09-05T06:50:00+00:00,2.2720,2.2850,2.2670,2.2800,843500
2026-09-05T06:55:00+00:00,2.2790,2.2870,2.2700,2.2710,969721
2026-09-05T07:00:00+00:00,2.2720,2.2800,2.2650,2.2780,482682
2026-09-05T07:05:00+00:00,2.2790,2.2830,2.2700,2.2720,654898
2026-09-05T07:10:00+00:00,2.2730,2.2770,2.2520,2.2520,686330
2026-09-05T07:15:00+00:00,2.2520,2.2610,2.2370,2.2400,1003891
2026-09-05T07:20:00+00:00,2.2390,2.2570,2.2380,2.2470,694019
2026-09-05T07:25:00+00:00,2.2470,2.2470,2.2310,2.2320,663692
2026-09-05T07:30:00+00:00,2.2320,2.2400,2.2320,2.2380,304441
2026-09-05T07:35:00+00:00,2.2370,2.2370,2.2200,2.2300,525748
2026-09-05T07:40:00+00:00,2.2290,2.2320,2.2250,2.2270,177518
2026-09-05T07:45:00+00:00,2.2270,2.2340,2.2250,2.2320,353936
2026-09-05T07:50:00+00:00,2.2320,2.2370,2.2270,2.2330,300889
2026-09-05T07:55:00+00:00,2.2330,2.2330,2.2230,2.2250,376258
2026-09-05T08:00:00+00:00,2.2260,2.2300,2.2160,2.2190,383571
2026-09-05T08:05:00+00:00,2.2180,2.2270,2.2180,2.2260,250849
2026-09-05T08:10:00+00:00,2.2260,2.2330,2.2210,2.2260,798289
2026-09-05T08:15:00+00:00,2.2260,2.2310,2.2190,2.2200,364394
2026-09-05T08:20:00+00:00,2.2200,2.2270,2.2110,2.2120,710914
2026-09-05T08:25:00+00:00,2.2120,2.2180,2.2050,2.2170,367549
2026-09-05T08:30:00+00:00,2.2170,2.2180,2.2080,2.2100,256476
2026-09-05T08:35:00+00:00,2.2100,2.2150,2.2100,2.2130,112945
2026-09-05T08:40:00+00:00,2.2120,2.2160,2.2100,2.2120,88137
2026-09-05T08:45:00+00:00,2.2120,2.2170,2.2100,2.2130,173943
2026-09-05T08:50:00+00:00,2.2130,2.2200,2.2090,2.2190,224112
2026-09-05T08:55:00+00:00,2.2190,2.2240,2.2170,2.2220,210655
2026-09-05T09:00:00+00:00,2.2210,2.2250,2.2190,2.2250,171249
2026-09-05T09:05:00+00:00,2.2250,2.2250,2.2170,2.2170,189948
2026-09-05T09:10:00+00:00,2.2170,2.2220,2.2160,2.2160,166923
2026-09-05T09:15:00+00:00,2.2160,2.2190,2.2150,2.2180,136516
2026-09-05T09:20:00+00:00,2.2170,2.2220,2.2130,2.2220,172971
2026-09-05T09:25:00+00:00,2.2220,2.2220,2.2060,2.2130,394620
2026-09-05T09:30:00+00:00,2.2120,2.2210,2.2110,2.2180,260880
2026-09-05T09:35:00+00:00,2.2180,2.2200,2.2160,2.2200,115212
2026-09-05T09:40:00+00:00,2.2190,2.2230,2.2150,2.2230,140612
2026-09-05T09:45:00+00:00,2.2230,2.2230,2.2170,2.2220,97004
2026-09-05T09:50:00+00:00,2.2220,2.2370,2.2220,2.2340,480856
2026-09-05T09:55:00+00:00,2.2330,2.2340,2.2300,2.2320,138941
2026-09-05T10:00:00+00:00,2.2320,2.2370,2.2270,2.2270,177559
2026-09-05T10:05:00+00:00,2.2280,2.2390,2.2230,2.2380,180867
2026-09-05T10:10:00+00:00,2.2370,2.2500,2.2370,2.2440,439331
2026-09-05T10:15:00+00:00,2.2440,2.2560,2.2430,2.2540,225094
2026-09-05T10:20:00+00:00,2.2540,2.2550,2.2470,2.2530,288363
2026-09-05T10:25:00+00:00,2.2530,2.2540,2.2410,2.2510,318834
2026-09-05T10:30:00+00:00,2.2500,2.2660,2.2440,2.2610,684966
2026-09-05T10:35:00+00:00,2.2610,2.2610,2.2460,2.2510,293400
2026-09-05T10:40:00+00:00,2.2510,2.2590,2.2510,2.2540,163729
2026-09-05T10:45:00+00:00,2.2530,2.2540,2.2480,2.2540,224398
2026-09-05T10:50:00+00:00,2.2540,2.2580,2.2500,2.2570,187217
2026-09-05T10:55:00+00:00,2.2580,2.2660,2.2530,2.2610,245512
2026-09-05T11:00:00+00:00,2.2610,2.2620,2.2470,2.2540,418832
2026-09-05T11:05:00+00:00,2.2530,2.2650,2.2500,2.2650,264034
2026-09-05T11:10:00+00:00,2.2660,2.2680,2.2570,2.2570,271086
2026-09-05T11:15:00+00:00,2.2580,2.2580,2.2450,2.2450,273013
2026-09-05T11:20:00+00:00,2.2450,2.2460,2.2340,2.2400,608544
2026-09-05T11:25:00+00:00,2.2390,2.2510,2.2350,2.2430,481152
2026-09-05T11:30:00+00:00,2.2430,2.2460,2.2400,2.2440,161522
2026-09-05T11:35:00+00:00,2.2450,2.2620,2.2450,2.2580,292399
2026-09-05T11:40:00+00:00,2.2580,2.2610,2.2490,2.2520,236696
2026-09-05T11:45:00+00:00,2.2520,2.2690,2.2520,2.2660,327696
2026-09-05T11:50:00+00:00,2.2670,2.2800,2.2650,2.2700,779848
2026-09-05T11:55:00+00:00,2.2710,2.2850,2.2710,2.2810,910774
2026-09-05T12:00:00+00:00,2.2810,2.2840,2.2740,2.2840,439402
2026-09-05T12:05:00+00:00,2.2840,2.2860,2.2720,2.2750,477409
2026-09-05T12:10:00+00:00,2.2740,2.2880,2.2730,2.2750,944342
2026-09-05T12:15:00+00:00,2.2750,2.2760,2.2250,2.2280,2625743
2026-09-05T12:20:00+00:00,2.2280,2.2400,2.2240,2.2310,1046796
2026-09-05T12:25:00+00:00,2.2300,2.2360,2.2280,2.2290,401159
2026-09-05T12:30:00+00:00,2.2300,2.2450,2.2280,2.2420,464292
2026-09-05T12:35:00+00:00,2.2430,2.2530,2.2410,2.2490,901529
2026-09-05T12:40:00+00:00,2.2490,2.2490,2.2370,2.2370,243800
2026-09-05T12:45:00+00:00,2.2370,2.2390,2.2300,2.2350,469489
2026-09-05T12:50:00+00:00,2.2340,2.2340,2.2160,2.2280,738530
2026-09-05T12:55:00+00:00,2.2280,2.2330,2.2230,2.2300,613234
2026-09-05T13:00:00+00:00,2.2300,2.2350,2.2280,2.2280,287509
2026-09-05T13:05:00+00:00,2.2280,2.2290,2.2220,2.2250,179934
2026-09-05T13:10:00+00:00,2.2260,2.2280,2.2170,2.2270,395297
2026-09-05T13:15:00+00:00,2.2280,2.2280,2.2120,2.2190,484482
2026-09-05T13:20:00+00:00,2.2190,2.2250,2.2180,2.2200,216030
2026-09-05T13:25:00+00:00,2.2200,2.2230,2.2150,2.2160,275530
2026-09-05T13:30:00+00:00,2.2150,2.2180,2.2080,2.2110,688445
2026-09-05T13:35:00+00:00,2.2110,2.2160,2.2060,2.2080,405327
2026-09-05T13:40:00+00:00,2.2080,2.2160,2.1910,2.2030,1418989
2026-09-05T13:45:00+00:00,2.2030,2.2060,2.2020,2.2030,202491
2026-09-05T13:50:00+00:00,2.2040,2.2070,2.1960,2.1980,483179
2026-09-05T13:55:00+00:00,2.1970,2.2030,2.1970,2.1980,223763
2026-09-05T14:00:00+00:00,2.1980,2.2020,2.1930,2.1960,510428
2026-09-05T14:05:00+00:00,2.1960,2.1990,2.1930,2.1930,182429
2026-09-05T14:10:00+00:00,2.1940,2.1950,2.1860,2.1880,456905
2026-09-05T14:15:00+00:00,2.1890,2.1960,2.1880,2.1930,305557
2026-09-05T14:20:00+00:00,2.1920,2.1950,2.1900,2.1900,134809
2026-09-05T14:25:00+00:00,2.1900,2.2040,2.1890,2.2000,512829
2026-09-05T14:30:00+00:00,2.2000,2.2040,2.1980,2.2030,317869
2026-09-05T14:35:00+00:00,2.2030,2.2050,2.1980,2.2030,277082
2026-09-05T14:40:00+00:00,2.2030,2.2050,2.2000,2.2030,265611
2026-09-05T14:45:00+00:00,2.2040,2.2050,2.1990,2.2000,192493
2026-09-05T14:50:00+00:00,2.2000,2.2010,2.1940,2.1980,305190
2026-09-05T14:55:00+00:00,2.1970,2.1970,2.1900,2.1900,284951
2026-09-05T15:00:00+00:00,2.1900,2.1990,2.1850,2.1920,739144
2026-09-05T15:05:00+00:00,2.1910,2.1950,2.1860,2.1940,304477
2026-09-05T15:10:00+00:00,2.1950,2.1980,2.1890,2.1890,219664
2026-09-05T15:15:00+00:00,2.1890,2.1920,2.1730,2.1830,911444
2026-09-05T15:20:00+00:00,2.1830,2.1910,2.1830,2.1880,252917
2026-09-05T15:25:00+00:00,2.1890,2.1900,2.1800,2.1840,297728
2026-09-05T15:30:00+00:00,2.1850,2.1890,2.1520,2.1660,2850351
2026-09-05T15:35:00+00:00,2.1660,2.1780,2.1640,2.1760,523981
2026-09-05T15:40:00+00:00,2.1760,2.1760,2.1710,2.1730,309574
2026-09-05T15:45:00+00:00,2.1740,2.1790,2.1720,2.1750,339143
2026-09-05T15:50:00+00:00,2.1740,2.1770,2.1720,2.1720,154278
2026-09-05T15:55:00+00:00,2.1730,2.1780,2.1730,2.1760,171527
2026-09-05T16:00:00+00:00,2.1760,2.1820,2.1730,2.1810,341318
2026-09-05T16:05:00+00:00,2.1810,2.1830,2.1760,2.1820,329777
2026-09-05T16:10:00+00:00,2.1820,2.1880,2.1800,2.1840,359999
2026-09-05T16:15:00+00:00,2.1840,2.1860,2.1770,2.1810,241401
2026-09-05T16:20:00+00:00,2.1800,2.1860,2.1790,2.1840,213425
2026-09-05T16:25:00+00:00,2.1830,2.1870,2.1820,2.1860,199502
2026-09-05T16:30:00+00:00,2.1850,2.1940,2.1850,2.1920,452443
2026-09-05T16:35:00+00:00,2.1910,2.1920,2.1850,2.1880,215849
2026-09-05T16:40:00+00:00,2.1880,2.1890,2.1820,2.1860,286059
2026-09-05T16:45:00+00:00,2.1850,2.1940,2.1840,2.1920,404822
2026-09-05T16:50:00+00:00,2.1920,2.1980,2.1870,2.1980,390734
2026-09-05T16:55:00+00:00,2.1970,2.2120,2.1950,2.2060,1249456
2026-09-05T17:00:00+00:00,2.2060,2.2120,2.2000,2.2060,617152
2026-09-05T17:05:00+00:00,2.2060,2.2160,2.2050,2.2160,554866
2026-09-05T17:10:00+00:00,2.2160,2.2230,2.2130,2.2180,427039
2026-09-05T17:15:00+00:00,2.2170,2.2180,2.2100,2.2160,325156
2026-09-05T17:20:00+00:00,2.2160,2.2180,2.2140,2.2150,176710
2026-09-05T17:25:00+00:00,2.2160,2.2230,2.2140,2.2190,305649
2026-09-05T17:30:00+00:00,2.2200,2.2260,2.2160,2.2240,401037
2026-09-05T17:35:00+00:00,2.2230,2.2330,2.2190,2.2290,535337
2026-09-05T17:40:00+00:00,2.2290,2.2330,2.2270,2.2320,274140
2026-09-05T17:45:00+00:00,2.2330,2.2420,2.2300,2.2420,434522
2026-09-05T17:50:00+00:00,2.2420,2.2570,2.2410,2.2520,681631
2026-09-05T17:55:00+00:00,2.2530,2.2550,2.2460,2.2510,556216
2026-09-05T18:00:00+00:00,2.2520,2.2640,2.2480,2.2620,546824
2026-09-05T18:05:00+00:00,2.2630,2.2710,2.2420,2.2430,1540936
2026-09-05T18:10:00+00:00,2.2440,2.2530,2.2330,2.2440,1158853
2026-09-05T18:15:00+00:00,2.2450,2.2530,2.2380,2.2500,412960
2026-09-05T18:20:00+00:00,2.2510,2.2510,2.2390,2.2410,314673
2026-09-05T18:25:00+00:00,2.2410,2.2480,2.2240,2.2270,1248589
2026-09-05T18:30:00+00:00,2.2270,2.2350,2.2170,2.2230,1026787
2026-09-05T18:35:00+00:00,2.2220,2.2350,2.2190,2.2210,912961
2026-09-05T18:40:00+00:00,2.2220,2.2290,2.2150,2.2240,1357082
2026-09-05T18:45:00+00:00,2.2250,2.2410,2.2240,2.2310,593635
2026-09-05T18:50:00+00:00,2.2320,2.2360,2.2290,2.2340,177239
2026-09-05T18:55:00+00:00,2.2340,2.2350,2.2240,2.2240,198944
2026-09-05T19:00:00+00:00,2.2250,2.2260,2.2160,2.2160,236646
2026-09-05T19:05:00+00:00,2.2170,2.2350,2.2170,2.2320,650434
2026-09-05T19:10:00+00:00,2.2320,2.2350,2.2230,2.2270,645139
2026-09-05T19:15:00+00:00,2.2270,2.2310,2.2250,2.2270,117401
2026-09-05T19:20:00+00:00,2.2270,2.2310,2.2240,2.2290,112866
2026-09-05T19:25:00+00:00,2.2300,2.2370,2.2290,2.2300,185531
2026-09-05T19:30:00+00:00,2.2300,2.2400,2.2240,2.2250,207535
2026-09-05T19:35:00+00:00,2.2250,2.2280,2.2070,2.2110,783930
2026-09-05T19:40:00+00:00,2.2120,2.2220,2.2120,2.2160,370936
2026-09-05T19:45:00+00:00,2.2170,2.2170,2.1930,2.1960,753066
2026-09-05T19:50:00+00:00,2.1960,2.2070,2.1870,2.1910,884752
2026-09-05T19:55:00+00:00,2.1900,2.1940,2.1860,2.1870,406478
2026-09-05T20:00:00+00:00,2.1860,2.1900,2.1790,2.1820,562206
2026-09-05T20:05:00+00:00,2.1820,2.1970,2.1810,2.1900,490465
2026-09-05T20:10:00+00:00,2.1900,2.1960,2.1870,2.1890,270728
2026-09-05T20:15:00+00:00,2.1890,2.1900,2.1800,2.1830,185033
2026-09-05T20:20:00+00:00,2.1830,2.1900,2.1820,2.1890,221073
2026-09-05T20:25:00+00:00,2.1890,2.1940,2.1810,2.1840,290308
2026-09-05T20:30:00+00:00,2.1840,2.1850,2.1790,2.1830,196487
2026-09-05T20:35:00+00:00,2.1840,2.1870,2.1780,2.1810,257469
2026-09-05T20:40:00+00:00,2.1810,2.1820,2.1770,2.1820,129692
2026-09-05T20:45:00+00:00,2.1820,2.1850,2.1780,2.1780,106261
2026-09-05T20:50:00+00:00,2.1780,2.1810,2.1720,2.1750,377610
2026-09-05T20:55:00+00:00,2.1750,2.1770,2.1640,2.1650,788112
2026-09-05T21:00:00+00:00,2.1660,2.1700,2.1650,2.1680,227920
2026-09-05T21:05:00+00:00,2.1690,2.1720,2.1660,2.1710,171329
2026-09-05T21:10:00+00:00,2.1710,2.1760,2.1600,2.1650,964222
2026-09-05T21:15:00+00:00,2.1650,2.1670,2.1610,2.1640,215675
2026-09-05T21:20:00+00:00,2.1640,2.1710,2.1620,2.1670,308569
2026-09-05T21:25:00+00:00,2.1670,2.1740,2.1650,2.1680,185259
2026-09-05T21:30:00+00:00,2.1680,2.1800,2.1670,2.1730,508108
2026-09-05T21:35:00+00:00,2.1730,2.1790,2.1680,2.1790,291254
2026-09-05T21:40:00+00:00,2.1790,2.1790,2.1670,2.1770,287381
2026-09-05T21:45:00+00:00,2.1770,2.1830,2.1710,2.1730,521402
2026-09-05T21:50:00+00:00,2.1730,2.1770,2.1670,2.1700,336319
2026-09-05T21:55:00+00:00,2.1700,2.1820,2.1670,2.1800,491732
2026-09-05T22:00:00+00:00,2.1800,2.1910,2.1770,2.1860,513468
2026-09-05T22:05:00+00:00,2.1860,2.1860,2.1790,2.1840,267042
2026-09-05T22:10:00+00:00,2.1850,2.1920,2.1830,2.1880,296475
2026-09-05T22:15:00+00:00,2.1870,2.1880,2.1790,2.1820,389109
2026-09-05T22:20:00+00:00,2.1830,2.1860,2.1770,2.1840,306452
2026-09-05T22:25:00+00:00,2.1840,2.1890,2.1740,2.1880,1421919
2026-09-05T22:30:00+00:00,2.1880,2.1950,2.1840,2.1880,799367
2026-09-05T22:35:00+00:00,2.1890,2.1930,2.1820,2.1840,422656
2026-09-05T22:40:00+00:00,2.1840,2.1890,2.1790,2.1820,463282
2026-09-05T22:45:00+00:00,2.1820,2.1860,2.1790,2.1800,218989
2026-09-05T22:50:00+00:00,2.1810,2.1870,2.1800,2.1860,126052
2026-09-05T22:55:00+00:00,2.1860,2.1880,2.1790,2.1830,619021
2026-09-05T23:00:00+00:00,2.1840,2.1870,2.1770,2.1800,312311
2026-09-05T23:05:00+00:00,2.1800,2.1820,2.1760,2.1770,235470
2026-09-05T23:10:00+00:00,2.1780,2.1880,2.1770,2.1880,497609
2026-09-05T23:15:00+00:00,2.1880,2.1990,2.1850,2.1980,680541
2026-09-05T23:20:00+00:00,2.1990,2.2010,2.1890,2.1900,400255
2026-09-05T23:25:00+00:00,2.1900,2.1930,2.1880,2.1910,79325
2026-09-05T23:30:00+00:00,2.1910,2.1930,2.1890,2.1920,96216
2026-09-05T23:35:00+00:00,2.1930,2.1940,2.1830,2.1890,241704
2026-09-05T23:40:00+00:00,2.1890,2.1900,2.1860,2.1870,124559
2026-09-05T23:45:00+00:00,2.1880,2.1930,2.1860,2.1870,148038
2026-09-05T23:50:00+00:00,2.1870,2.1910,2.1860,2.1900,58928
2026-09-05T23:55:00+00:00,2.1900,2.1930,2.1870,2.1900,96917
2026-09-06T00:00:00+00:00,2.1910,2.1920,2.1770,2.1780,592313
2026-09-06T00:05:00+00:00,2.1780,2.1820,2.1700,2.1820,526234
2026-09-06T00:10:00+00:00,2.1820,2.1830,2.1800,2.1830,103147
2026-09-06T00:15:00+00:00,2.1830,2.1870,2.1810,2.1850,132817
2026-09-06T00:20:00+00:00,2.1850,2.1940,2.1840,2.1940,227155
2026-09-06T00:25:00+00:00,2.1950,2.2000,2.1940,2.1990,231289
2026-09-06T00:30:00+00:00,2.1990,2.2010,2.1940,2.1990,241410
2026-09-06T00:35:00+00:00,2.1990,2.2000,2.1720,2.1780,1150347
2026-09-06T00:40:00+00:00,2.1780,2.1920,2.1750,2.1840,633892
2026-09-06T00:45:00+00:00,2.1840,2.1890,2.1790,2.1880,492599
2026-09-06T00:50:00+00:00,2.1880,2.1890,2.1820,2.1830,221501
2026-09-06T00:55:00+00:00,2.1830,2.1840,2.1740,2.1750,225819
2026-09-06T01:00:00+00:00,2.1740,2.1890,2.1720,2.1850,408547
2026-09-06T01:05:00+00:00,2.1860,2.2110,2.1840,2.2080,973365
2026-09-06T01:10:00+00:00,2.2070,2.2140,2.2010,2.2030,430260
2026-09-06T01:15:00+00:00,2.2030,2.2070,2.1970,2.2020,325749
2026-09-06T01:20:00+00:00,2.2020,2.2040,2.1950,2.2020,272535
2026-09-06T01:25:00+00:00,2.2030,2.2030,2.1960,2.1980,143481
2026-09-06T01:30:00+00:00,2.1990,2.2170,2.1980,2.2090,629517
2026-09-06T01:35:00+00:00,2.2090,2.2150,2.2060,2.2140,364188
2026-09-06T01:40:00+00:00,2.2130,2.2150,2.2060,2.2100,269094
2026-09-06T01:45:00+00:00,2.2090,2.2120,2.2000,2.2040,332345
2026-09-06T01:50:00+00:00,2.2030,2.2100,2.2000,2.2050,174581
2026-09-06T01:55:00+00:00,2.2050,2.2070,2.1990,2.2070,174103
2026-09-06T02:00:00+00:00,2.2070,2.2110,2.1960,2.2000,261844
2026-09-06T02:05:00+00:00,2.2000,2.2170,2.2000,2.2150,196593
2026-09-06T02:10:00+00:00,2.2150,2.2290,2.2140,2.2240,511595
2026-09-06T02:15:00+00:00,2.2250,2.2260,2.2050,2.2080,517790
2026-09-06T02:20:00+00:00,2.2080,2.2090,2.2030,2.2060,137671
2026-09-06T02:25:00+00:00,2.2070,2.2130,2.2050,2.2120,83282
2026-09-06T02:30:00+00:00,2.2120,2.2180,2.2060,2.2170,254261
2026-09-06T02:35:00+00:00,2.2180,2.2300,2.2140,2.2280,359064
2026-09-06T02:40:00+00:00,2.2270,2.2340,2.2230,2.2330,477396
2026-09-06T02:45:00+00:00,2.2330,2.2360,2.2170,2.2180,495563
2026-09-06T02:50:00+00:00,2.2190,2.2300,2.2180,2.2240,240906
2026-09-06T02:55:00+00:00,2.2250,2.2280,2.2200,2.2250,134622
2026-09-06T03:00:00+00:00,2.2240,2.2250,2.2120,2.2140,340363
2026-09-06T03:05:00+00:00,2.2140,2.2160,2.2020,2.2070,260636
2026-09-06T03:10:00+00:00,2.2060,2.2090,2.2020,2.2080,147380
2026-09-06T03:15:00+00:00,2.2080,2.2090,2.2040,2.2050,130425
2026-09-06T03:20:00+00:00,2.2050,2.2090,2.1990,2.2060,205648
2026-09-06T03:25:00+00:00,2.2060,2.2110,2.2000,2.2080,262383
2026-09-06T03:30:00+00:00,2.2090,2.2200,2.2080,2.2180,235414
2026-09-06T03:35:00+00:00,2.2190,2.2240,2.2150,2.2210,407669
2026-09-06T03:40:00+00:00,2.2210,2.2280,2.2140,2.2260,210921
2026-09-06T03:45:00+00:00,2.2260,2.2270,2.2090,2.2100,440813
2026-09-06T03:50:00+00:00,2.2100,2.2140,2.2090,2.2120,97856
2026-09-06T03:55:00+00:00,2.2130,2.2170,2.2120,2.2160,134226
2026-09-06T04:00:00+00:00,2.2160,2.2160,2.2060,2.2100,168165
2026-09-06T04:05:00+00:00,2.2100,2.2110,2.2010,2.2070,256003
2026-09-06T04:10:00+00:00,2.2070,2.2110,2.2040,2.2070,96000
2026-09-06T04:15:00+00:00,2.2060,2.2090,2.2000,2.2020,160094
2026-09-06T04:20:00+00:00,2.2010,2.2020,2.1840,2.1910,725973
2026-09-06T04:25:00+00:00,2.1910,2.1920,2.1850,2.1870,150050
2026-09-06T04:30:00+00:00,2.1860,2.1870,2.1760,2.1790,645008
2026-09-06T04:35:00+00:00,2.1800,2.1850,2.1770,2.1770,519718
2026-09-06T04:40:00+00:00,2.1770,2.1860,2.1760,2.1860,425597
2026-09-06T04:45:00+00:00,2.1850,2.2140,2.1850,2.2070,715489
2026-09-06T04:50:00+00:00,2.2070,2.2140,2.2030,2.2070,373530
2026-09-06T04:55:00+00:00,2.2070,2.2240,2.2060,2.2170,533243
2026-09-06T05:00:00+00:00,2.2160,2.2190,2.2010,2.2070,627781
2026-09-06T05:05:00+00:00,2.2070,2.2110,2.2040,2.2080,301703
2026-09-06T05:10:00+00:00,2.2080,2.2080,2.1880,2.1980,1103599
2026-09-06T05:15:00+00:00,2.1990,2.2310,2.1990,2.2190,1018934
2026-09-06T05:20:00+00:00,2.2190,2.2390,2.2180,2.2260,724089
2026-09-06T05:25:00+00:00,2.2250,2.2280,2.2180,2.2250,230901
2026-09-06T05:30:00+00:00,2.2250,2.2310,2.2180,2.2270,341073
2026-09-06T05:35:00+00:00,2.2260,2.2280,2.2180,2.2270,320899
2026-09-06T05:40:00+00:00,2.2270,2.2330,2.2230,2.2260,366910
2026-09-06T05:45:00+00:00,2.2260,2.2280,2.2160,2.2180,234621
2026-09-06T05:50:00+00:00,2.2180,2.2180,2.2110,2.2120,143586
2026-09-06T05:55:00+00:00,2.2120,2.2130,2.2070,2.2130,220386
2026-09-06T06:00:00+00:00,2.2130,2.2130,2.2030,2.2080,437256
2026-09-06T06:05:00+00:00,2.2080,2.2120,2.2080,2.2080,118370
2026-09-06T06:10:00+00:00,2.2090,2.2240,2.2080,2.2240,307980
2026-09-06T06:15:00+00:00,2.2240,2.2270,2.2150,2.2210,236808
2026-09-06T06:20:00+00:00,2.2220,2.2220,2.2130,2.2210,378738
2026-09-06T06:25:00+00:00,2.2220,2.2230,2.2160,2.2180,140070
2026-09-06T06:30:00+00:00,2.2180,2.2210,2.2120,2.2150,309232
2026-09-06T06:35:00+00:00,2.2150,2.2230,2.2080,2.2210,425842
2026-09-06T06:40:00+00:00,2.2210,2.2290,2.2190,2.2280,268125
2026-09-06T06:45:00+00:00,2.2280,2.2290,2.2220,2.2240,127905
2026-09-06T06:50:00+00:00,2.2240,2.2680,2.2240,2.2650,2243395
2026-09-06T06:55:00+00:00,2.2660,2.2710,2.2570,2.2610,1296765
2026-09-06T07:00:00+00:00,2.2620,2.2670,2.2550,2.2610,686689
2026-09-06T07:05:00+00:00,2.2620,2.2760,2.2580,2.2720,934957
2026-09-06T07:10:00+00:00,2.2710,2.2720,2.2280,2.2440,1565104
2026-09-06T07:15:00+00:00,2.2440,2.2480,2.2340,2.2360,512577
2026-09-06T07:20:00+00:00,2.2360,2.2440,2.2310,2.2320,538741
2026-09-06T07:25:00+00:00,2.2320,2.2560,2.2290,2.2510,478802
2026-09-06T07:30:00+00:00,2.2510,2.2890,2.2500,2.2820,1327666
2026-09-06T07:35:00+00:00,2.2820,2.2950,2.2710,2.2920,1263958
2026-09-06T07:40:00+00:00,2.2910,2.3020,2.2860,2.2940,1253254
2026-09-06T07:45:00+00:00,2.2940,2.2950,2.2820,2.2860,690241
2026-09-06T07:50:00+00:00,2.2860,2.3050,2.2840,2.2980,627243
2026-09-06T07:55:00+00:00,2.2980,2.3100,2.2950,2.3010,715590
2026-09-06T08:00:00+00:00,2.3000,2.3110,2.2960,2.3090,827798
2026-09-06T08:05:00+00:00,2.3080,2.3440,2.3030,2.3420,1781262
2026-09-06T08:10:00+00:00,2.3410,2.3650,2.3230,2.3630,2584665
2026-09-06T08:15:00+00:00,2.3630,2.3630,2.3260,2.3300,1434580
2026-09-06T08:20:00+00:00,2.3290,2.3360,2.3040,2.3140,1061360
2026-09-06T08:25:00+00:00,2.3130,2.3140,2.2630,2.2790,3478368
2026-09-06T08:30:00+00:00,2.2780,2.2880,2.2690,2.2830,606059
2026-09-06T08:35:00+00:00,2.2830,2.2880,2.2760,2.2790,431184
2026-09-06T08:40:00+00:00,2.2790,2.2820,2.2720,2.2760,492954
2026-09-06T08:45:00+00:00,2.2750,2.2830,2.2720,2.2820,255482
2026-09-06T08:50:00+00:00,2.2830,2.3190,2.2830,2.3180,619225
2026-09-06T08:55:00+00:00,2.3180,2.3280,2.3160,2.3210,740819
2026-09-06T09:00:00+00:00,2.3200,2.3420,2.3200,2.3380,812815
2026-09-06T09:05:00+00:00,2.3390,2.3660,2.3370,2.3620,840827
2026-09-06T09:10:00+00:00,2.3620,2.3770,2.3570,2.3650,1260411
2026-09-06T09:15:00+00:00,2.3650,2.3720,2.3510,2.3540,820541
2026-09-06T09:20:00+00:00,2.3550,2.3690,2.3550,2.3570,675522
2026-09-06T09:25:00+00:00,2.3570,2.3580,2.3390,2.3460,1374684
2026-09-06T09:30:00+00:00,2.3470,2.3550,2.3400,2.3420,519930
2026-09-06T09:35:00+00:00,2.3420,2.3660,2.3410,2.3660,500880
2026-09-06T09:40:00+00:00,2.3650,2.3890,2.3610,2.3860,1475848
2026-09-06T09:45:00+00:00,2.3870,2.4010,2.3740,2.3900,1395449
2026-09-06T09:50:00+00:00,2.3900,2.3920,2.3760,2.3760,474330
2026-09-06T09:55:00+00:00,2.3760,2.3940,2.3740,2.3800,1060906
2026-09-06T10:00:00+00:00,2.3800,2.3900,2.3740,2.3790,412686
2026-09-06T10:05:00+00:00,2.3780,2.3860,2.3630,2.3710,782287
2026-09-06T10:10:00+00:00,2.3710,2.3740,2.3560,2.3620,1262436
2026-09-06T10:15:00+00:00,2.3610,2.3770,2.3600,2.3630,354278
2026-09-06T10:20:00+00:00,2.3630,2.3670,2.3590,2.3610,313150
2026-09-06T10:25:00+00:00,2.3610,2.3720,2.3560,2.3670,381750
2026-09-06T10:30:00+00:00,2.3670,2.3780,2.3640,2.3780,246936
2026-09-06T10:35:00+00:00,2.3780,2.4110,2.3740,2.4010,1145131
2026-09-06T10:40:00+00:00,2.4010,2.4040,2.3910,2.3980,528027
2026-09-06T10:45:00+00:00,2.3990,2.4120,2.3950,2.4080,484273
2026-09-06T10:50:00+00:00,2.4080,2.4080,2.3980,2.4030,489370
2026-09-06T10:55:00+00:00,2.4020,2.4080,2.3980,2.3990,621840
2026-09-06T11:00:00+00:00,2.3990,2.4060,2.3840,2.3850,592286
2026-09-06T11:05:00+00:00,2.3850,2.3880,2.3750,2.3810,1010559
2026-09-06T11:10:00+00:00,2.3820,2.3900,2.3780,2.3890,520179
2026-09-06T11:15:00+00:00,2.3880,2.4060,2.3790,2.3880,792614
2026-09-06T11:20:00+00:00,2.3880,2.3980,2.3870,2.3980,347310
2026-09-06T11:25:00+00:00,2.3980,2.4020,2.3840,2.3940,475538
2026-09-06T11:30:00+00:00,2.3930,2.3970,2.3830,2.3850,293069
2026-09-06T11:35:00+00:00,2.3840,2.3920,2.3810,2.3860,497831
2026-09-06T11:40:00+00:00,2.3860,2.3930,2.3810,2.3850,363855
2026-09-06T11:45:00+00:00,2.3850,2.4130,2.3830,2.4000,853781
2026-09-06T11:50:00+00:00,2.4000,2.4000,2.3840,2.3850,413941
2026-09-06T11:55:00+00:00,2.3840,2.3940,2.3830,2.3910,699071
2026-09-06T12:00:00+00:00,2.3900,2.3980,2.3800,2.3840,771733
2026-09-06T12:05:00+00:00,2.3830,2.3850,2.3700,2.3780,692885
2026-09-06T12:10:00+00:00,2.3770,2.3810,2.3590,2.3770,967916
2026-09-06T12:15:00+00:00,2.3770,2.3770,2.3650,2.3650,232259
2026-09-06T12:20:00+00:00,2.3650,2.3820,2.3630,2.3720,393559
2026-09-06T12:25:00+00:00,2.3710,2.3730,2.3520,2.3610,716181
2026-09-06T12:30:00+00:00,2.3610,2.3770,2.3600,2.3720,692412
2026-09-06T12:35:00+00:00,2.3730,2.3800,2.3660,2.3730,422587
2026-09-06T12:40:00+00:00,2.3720,2.3750,2.3660,2.3720,256905
2026-09-06T12:45:00+00:00,2.3720,2.3750,2.3410,2.3460,694813
2026-09-06T12:50:00+00:00,2.3460,2.3530,2.3290,2.3410,1875165
2026-09-06T12:55:00+00:00,2.3410,2.3480,2.3370,2.3480,479660
2026-09-06T13:00:00+00:00,2.3480,2.3540,2.3400,2.3460,400106
2026-09-06T13:05:00+00:00,2.3460,2.3680,2.3460,2.3670,528943
2026-09-06T13:10:00+00:00,2.3680,2.3780,2.3600,2.3680,424673
2026-09-06T13:15:00+00:00,2.3680,2.3760,2.3670,2.3730,390271
2026-09-06T13:20:00+00:00,2.3740,2.3890,2.3700,2.3870,385637
2026-09-06T13:25:00+00:00,2.3880,2.3880,2.3740,2.3740,624334
2026-09-06T13:30:00+00:00,2.3740,2.3880,2.3680,2.3820,352859
2026-09-06T13:35:00+00:00,2.3830,2.4220,2.3830,2.4160,1820681
2026-09-06T13:40:00+00:00,2.4150,2.4380,2.4130,2.4320,1257342
2026-09-06T13:45:00+00:00,2.4320,2.4720,2.4310,2.4510,3894801
2026-09-06T13:50:00+00:00,2.4510,2.4650,2.4350,2.4630,1862608
2026-09-06T13:55:00+00:00,2.4630,2.4720,2.4480,2.4690,1522876
2026-09-06T14:00:00+00:00,2.4680,2.4870,2.4570,2.4810,1745542
2026-09-06T14:05:00+00:00,2.4810,2.4860,2.4490,2.4530,1606180
2026-09-06T14:10:00+00:00,2.4540,2.4620,2.4220,2.4290,1883938
2026-09-06T14:15:00+00:00,2.4290,2.4480,2.4140,2.4220,1179460
2026-09-06T14:20:00+00:00,2.4220,2.4240,2.3800,2.3840,2959212
2026-09-06T14:25:00+00:00,2.3840,2.4010,2.3810,2.3920,871488
2026-09-06T14:30:00+00:00,2.3930,2.4010,2.3660,2.4000,1757522
2026-09-06T14:35:00+00:00,2.4010,2.4100,2.3930,2.4080,986347
2026-09-06T14:40:00+00:00,2.4080,2.4290,2.4000,2.4290,820419
2026-09-06T14:45:00+00:00,2.4290,2.4440,2.4050,2.4300,1579000
2026-09-06T14:50:00+00:00,2.4300,2.4360,2.4140,2.4150,864570
2026-09-06T14:55:00+00:00,2.4150,2.4180,2.3990,2.4000,719533
2026-09-06T15:00:00+00:00,2.4010,2.4040,2.3570,2.3730,2334398
2026-09-06T15:05:00+00:00,2.3730,2.3820,2.3570,2.3630,994705
2026-09-06T15:10:00+00:00,2.3620,2.3740,2.3600,2.3740,461087
2026-09-06T15:15:00+00:00,2.3740,2.3790,2.3680,2.3710,445515
2026-09-06T15:20:00+00:00,2.3710,2.3770,2.3360,2.3560,1543496
2026-09-06T15:25:00+00:00,2.3550,2.3750,2.3540,2.3680,760215
2026-09-06T15:30:00+00:00,2.3690,2.3710,2.3510,2.3570,647393
2026-09-06T15:35:00+00:00,2.3570,2.3860,2.3510,2.3820,648154
2026-09-06T15:40:00+00:00,2.3820,2.3980,2.3760,2.3930,667775
2026-09-06T15:45:00+00:00,2.3930,2.4050,2.3920,2.3960,915293
2026-09-06T15:50:00+00:00,2.3960,2.3960,2.3830,2.3840,388706
2026-09-06T15:55:00+00:00,2.3850,2.3920,2.3830,2.3860,299494
2026-09-06T16:00:00+00:00,2.3850,2.3980,2.3820,2.3910,339665
2026-09-06T16:05:00+00:00,2.3910,2.3970,2.3860,2.3880,327953
2026-09-06T16:10:00+00:00,2.3890,2.4120,2.3880,2.4120,527644
2026-09-06T16:15:00+00:00,2.4110,2.4110,2.4000,2.4080,297100
2026-09-06T16:20:00+00:00,2.4070,2.4260,2.4030,2.4180,418023
2026-09-06T16:25:00+00:00,2.4180,2.4450,2.4050,2.4420,1031283
2026-09-06T16:30:00+00:00,2.4420,2.4430,2.4270,2.4300,589783
2026-09-06T16:35:00+00:00,2.4300,2.4490,2.4300,2.4430,675774
2026-09-06T16:40:00+00:00,2.4440,2.4470,2.4360,2.4420,400777
2026-09-06T16:45:00+00:00,2.4420,2.4430,2.4280,2.4410,432133
2026-09-06T16:50:00+00:00,2.4410,2.4480,2.4230,2.4280,479374
2026-09-06T16:55:00+00:00,2.4280,2.4290,2.4160,2.4260,487732
2026-09-06T17:00:00+00:00,2.4260,2.4270,2.4030,2.4080,564565
2026-09-06T17:05:00+00:00,2.4090,2.4090,2.3920,2.3980,1025459
2026-09-06T17:10:00+00:00,2.3980,2.4090,2.3930,2.3960,511933
2026-09-06T17:15:00+00:00,2.3960,2.4050,2.3910,2.3980,210617
2026-09-06T17:20:00+00:00,2.3980,2.4010,2.3830,2.3880,453462
2026-09-06T17:25:00+00:00,2.3880,2.3920,2.3770,2.3790,284554
2026-09-06T17:30:00+00:00,2.3780,2.3930,2.3760,2.3850,420111
2026-09-06T17:35:00+00:00,2.3860,2.4000,2.3820,2.3950,442904
2026-09-06T17:40:00+00:00,2.3950,2.3950,2.3880,2.3890,299728
2026-09-06T17:45:00+00:00,2.3890,2.3910,2.3780,2.3860,338870
2026-09-06T17:50:00+00:00,2.3850,2.3860,2.3640,2.3670,437757
2026-09-06T17:55:00+00:00,2.3660,2.3830,2.3660,2.3760,309996
2026-09-06T18:00:00+00:00,2.3750,2.3790,2.3720,2.3730,205363
2026-09-06T18:05:00+00:00,2.3730,2.3760,2.3690,2.3720,271818
2026-09-06T18:10:00+00:00,2.3720,2.3800,2.3710,2.3770,344192
2026-09-06T18:15:00+00:00,2.3760,2.3850,2.3720,2.3790,309338
2026-09-06T18:20:00+00:00,2.3790,2.3890,2.3750,2.3880,297319
2026-09-06T18:25:00+00:00,2.3880,2.3890,2.3760,2.3790,221644
2026-09-06T18:30:00+00:00,2.3800,2.3890,2.3790,2.3840,231843
2026-09-06T18:35:00+00:00,2.3840,2.4000,2.3800,2.4000,327393
2026-09-06T18:40:00+00:00,2.3990,2.4170,2.3990,2.4160,614212
2026-09-06T18:45:00+00:00,2.4170,2.4170,2.3990,2.4020,342994
2026-09-06T18:50:00+00:00,2.4020,2.4230,2.4010,2.4080,544776
2026-09-06T18:55:00+00:00,2.4070,2.4300,2.4050,2.4280,540186
2026-09-06T19:00:00+00:00,2.4270,2.4290,2.4130,2.4170,452745
2026-09-06T19:05:00+00:00,2.4160,2.4190,2.4080,2.4090,192033
2026-09-06T19:10:00+00:00,2.4090,2.4150,2.3980,2.4000,364147
2026-09-06T19:15:00+00:00,2.4000,2.4120,2.3990,2.4090,306800
2026-09-06T19:20:00+00:00,2.4090,2.4330,2.4040,2.4320,479165
2026-09-06T19:25:00+00:00,2.4320,2.4430,2.4230,2.4380,655558
2026-09-06T19:30:00+00:00,2.4380,2.4400,2.4210,2.4290,586199
2026-09-06T19:35:00+00:00,2.4280,2.4320,2.4200,2.4260,346416
2026-09-06T19:40:00+00:00,2.4250,2.4370,2.4220,2.4300,475544
2026-09-06T19:45:00+00:00,2.4300,2.4300,2.4200,2.4220,172844
2026-09-06T19:50:00+00:00,2.4210,2.4320,2.4210,2.4310,175190
2026-09-06T19:55:00+00:00,2.4310,2.4400,2.4170,2.4210,422704
2026-09-06T20:00:00+00:00,2.4200,2.4230,2.4150,2.4180,213487
2026-09-06T20:05:00+00:00,2.4170,2.4190,2.4060,2.4180,280043
2026-09-06T20:10:00+00:00,2.4170,2.4300,2.4130,2.4270,187755
2026-09-06T20:15:00+00:00,2.4270,2.4330,2.4260,2.4310,162385
2026-09-06T20:20:00+00:00,2.4310,2.4390,2.4220,2.4250,311317
2026-09-06T20:25:00+00:00,2.4240,2.4250,2.4050,2.4090,303879
2026-09-06T20:30:00+00:00,2.4080,2.4140,2.4040,2.4130,176724
2026-09-06T20:35:00+00:00,2.4130,2.4160,2.4090,2.4130,125063
2026-09-06T20:40:00+00:00,2.4120,2.4170,2.4080,2.4130,208421
2026-09-06T20:45:00+00:00,2.4140,2.4180,2.4070,2.4150,277123
2026-09-06T20:50:00+00:00,2.4150,2.4160,2.3970,2.4060,427273
2026-09-06T20:55:00+00:00,2.4050,2.4150,2.3990,2.4120,313312
2026-09-06T21:00:00+00:00,2.4120,2.4480,2.4090,2.4410,827320
2026-09-06T21:05:00+00:00,2.4410,2.4410,2.4210,2.4220,311859
2026-09-06T21:10:00+00:00,2.4220,2.4300,2.4210,2.4220,193718
2026-09-06T21:15:00+00:00,2.4220,2.4370,2.4220,2.4290,226890
2026-09-06T21:20:00+00:00,2.4300,2.4300,2.4180,2.4200,169113
2026-09-06T21:25:00+00:00,2.4200,2.4290,2.4180,2.4260,173254
2026-09-06T21:30:00+00:00,2.4270,2.4490,2.4260,2.4480,231124
2026-09-06T21:35:00+00:00,2.4490,2.4540,2.4380,2.4460,311199
2026-09-06T21:40:00+00:00,2.4470,2.4550,2.4410,2.4450,273022
2026-09-06T21:45:00+00:00,2.4460,2.4620,2.4450,2.4540,286308
2026-09-06T21:50:00+00:00,2.4540,2.4740,2.4520,2.4600,520280
2026-09-06T21:55:00+00:00,2.4600,2.4970,2.4510,2.4920,1789316
2026-09-06T22:00:00+00:00,2.4910,2.4990,2.4720,2.4740,1124290
2026-09-06T22:05:00+00:00,2.4740,2.4790,2.4360,2.4430,1288986
2026-09-06T22:10:00+00:00,2.4420,2.4470,2.4280,2.4320,722672
2026-09-06T22:15:00+00:00,2.4310,2.4350,2.4180,2.4220,561062
2026-09-06T22:20:00+00:00,2.4220,2.4310,2.4180,2.4290,344671
2026-09-06T22:25:00+00:00,2.4290,2.4570,2.4280,2.4480,791631
2026-09-06T22:30:00+00:00,2.4480,2.4580,2.4480,2.4550,637341
2026-09-06T22:35:00+00:00,2.4560,2.4610,2.4470,2.4530,383216
2026-09-06T22:40:00+00:00,2.4520,2.4580,2.4460,2.4470,329243
2026-09-06T22:45:00+00:00,2.4480,2.4510,2.4370,2.4370,426883
2026-09-06T22:50:00+00:00,2.4370,2.4490,2.4340,2.4350,235719
2026-09-06T22:55:00+00:00,2.4340,2.4440,2.4320,2.4420,452824
2026-09-06T23:00:00+00:00,2.4410,2.4560,2.4370,2.4490,621597
2026-09-06T23:05:00+00:00,2.4480,2.4830,2.4470,2.4690,1334622
2026-09-06T23:10:00+00:00,2.4680,2.4690,2.4550,2.4560,348610
2026-09-06T23:15:00+00:00,2.4550,2.4640,2.4490,2.4560,417352
2026-09-06T23:20:00+00:00,2.4550,2.4570,2.4460,2.4550,379042
2026-09-06T23:25:00+00:00,2.4560,2.4580,2.4500,2.4510,272733
2026-09-06T23:30:00+00:00,2.4510,2.4540,2.4330,2.4380,590074
2026-09-06T23:35:00+00:00,2.4380,2.4420,2.4330,2.4390,403383
2026-09-06T23:40:00+00:00,2.4390,2.4420,2.4330,2.4400,470783
2026-09-06T23:45:00+00:00,2.4410,2.4470,2.4360,2.4400,477447
2026-09-06T23:50:00+00:00,2.4400,2.4440,2.4350,2.4390,184585
2026-09-06T23:55:00+00:00,2.4390,2.4420,2.4310,2.4390,191920
2026-09-07T00:00:00+00:00,2.4390,2.4440,2.4340,2.4400,478569
2026-09-07T00:05:00+00:00,2.4400,2.4400,2.4280,2.4290,348862
2026-09-07T00:10:00+00:00,2.4290,2.4350,2.4180,2.4200,820804
2026-09-07T00:15:00+00:00,2.4200,2.4360,2.4180,2.4190,389712
2026-09-07T00:20:00+00:00,2.4200,2.4370,2.4200,2.4260,398352
2026-09-07T00:25:00+00:00,2.4270,2.4280,2.4180,2.4180,296854
2026-09-07T00:30:00+00:00,2.4190,2.4290,2.4180,2.4200,254173
2026-09-07T00:35:00+00:00,2.4210,2.4290,2.4180,2.4180,236509
2026-09-07T00:40:00+00:00,2.4180,2.4200,2.4090,2.4160,507092
2026-09-07T00:45:00+00:00,2.4170,2.4200,2.4100,2.4100,249723
2026-09-07T00:50:00+00:00,2.4110,2.4140,2.4040,2.4070,286395
2026-09-07T00:55:00+00:00,2.4070,2.4150,2.4020,2.4110,305878
2026-09-07T01:00:00+00:00,2.4100,2.4130,2.4010,2.4120,332035
2026-09-07T01:05:00+00:00,2.4130,2.4130,2.3790,2.3820,1118968
2026-09-07T01:10:00+00:00,2.3820,2.3960,2.3810,2.3840,613629
2026-09-07T01:15:00+00:00,2.3850,2.3860,2.3580,2.3630,1760459
2026-09-07T01:20:00+00:00,2.3640,2.3680,2.3610,2.3670,269837
2026-09-07T01:25:00+00:00,2.3660,2.3720,2.3550,2.3690,364998
2026-09-07T01:30:00+00:00,2.3690,2.3790,2.3640,2.3700,409852
2026-09-07T01:35:00+00:00,2.3710,2.3710,2.3630,2.3650,243221
2026-09-07T01:40:00+00:00,2.3650,2.3660,2.3550,2.3570,360250
2026-09-07T01:45:00+00:00,2.3570,2.3610,2.3450,2.3520,886752
2026-09-07T01:50:00+00:00,2.3530,2.3590,2.3510,2.3590,245881
2026-09-07T01:55:00+00:00,2.3590,2.3610,2.3530,2.3590,348348
2026-09-07T02:00:00+00:00,2.3590,2.3680,2.3580,2.3630,423915
2026-09-07T02:05:00+00:00,2.3630,2.3690,2.3570,2.3670,513053
2026-09-07T02:10:00+00:00,2.3660,2.3850,2.3650,2.3790,616452
2026-09-07T02:15:00+00:00,2.3790,2.3870,2.3720,2.3780,972160
2026-09-07T02:20:00+00:00,2.3780,2.3800,2.3600,2.3660,419765
2026-09-07T02:25:00+00:00,2.3650,2.3750,2.3650,2.3690,242105
2026-09-07T02:30:00+00:00,2.3690,2.3730,2.3660,2.3710,256059
2026-09-07T02:35:00+00:00,2.3720,2.4020,2.3700,2.3990,770129
2026-09-07T02:40:00+00:00,2.4000,2.4150,2.3940,2.4110,678852
2026-09-07T02:45:00+00:00,2.4110,2.4150,2.4050,2.4140,303336
2026-09-07T02:50:00+00:00,2.4140,2.4170,2.4090,2.4090,304143
2026-09-07T02:55:00+00:00,2.4090,2.4160,2.3970,2.4000,568069
2026-09-07T03:00:00+00:00,2.4000,2.4140,2.3910,2.4130,513965
2026-09-07T03:05:00+00:00,2.4130,2.4160,2.3960,2.4020,468123
2026-09-07T03:10:00+00:00,2.4010,2.4120,2.4000,2.4090,359259
2026-09-07T03:15:00+00:00,2.4100,2.4180,2.4060,2.4130,304171
2026-09-07T03:20:00+00:00,2.4140,2.4160,2.4060,2.4090,236707
2026-09-07T03:25:00+00:00,2.4090,2.4090,2.3970,2.3980,165228
2026-09-07T03:30:00+00:00,2.3990,2.4060,2.3970,2.4050,246848
2026-09-07T03:35:00+00:00,2.4050,2.4070,2.3990,2.4040,222596
2026-09-07T03:40:00+00:00,2.4040,2.4070,2.3950,2.3970,290205
2026-09-07T03:45:00+00:00,2.3980,2.4250,2.3980,2.4230,463777
2026-09-07T03:50:00+00:00,2.4230,2.4330,2.4100,2.4140,702808
2026-09-07T03:55:00+00:00,2.4130,2.4150,2.3920,2.4020,565341
2026-09-07T04:00:00+00:00,2.4010,2.4130,2.3920,2.3950,929469
2026-09-07T04:05:00+00:00,2.3950,2.4070,2.3830,2.4040,488809
2026-09-07T04:10:00+00:00,2.4040,2.4090,2.3950,2.4080,279931
2026-09-07T04:15:00+00:00,2.4090,2.4170,2.4060,2.4070,250028
2026-09-07T04:20:00+00:00,2.4070,2.4140,2.4010,2.4040,257899
2026-09-07T04:25:00+00:00,2.4050,2.4090,2.3970,2.4010,327050
2026-09-07T04:30:00+00:00,2.4010,2.4110,2.4010,2.4020,138510
2026-09-07T04:35:00+00:00,2.4020,2.4090,2.3960,2.4090,357724
2026-09-07T04:40:00+00:00,2.4090,2.4280,2.4080,2.4240,444406
2026-09-07T04:45:00+00:00,2.4250,2.4290,2.4140,2.4160,268444
2026-09-07T04:50:00+00:00,2.4160,2.4190,2.4090,2.4110,160198
2026-09-07T04:55:00+00:00,2.4110,2.4350,2.4100,2.4330,308359
2026-09-07T05:00:00+00:00,2.4320,2.4350,2.4180,2.4260,513319
2026-09-07T05:05:00+00:00,2.4260,2.4460,2.4260,2.4370,438073
2026-09-07T05:10:00+00:00,2.4380,2.4390,2.4300,2.4370,171703
2026-09-07T05:15:00+00:00,2.4370,2.4420,2.4340,2.4420,318857
2026-09-07T05:20:00+00:00,2.4420,2.4450,2.4310,2.4400,350147
2026-09-07T05:25:00+00:00,2.4390,2.4390,2.4210,2.4270,321507
2026-09-07T05:30:00+00:00,2.4270,2.4370,2.4170,2.4200,523336
2026-09-07T05:35:00+00:00,2.4210,2.4320,2.4180,2.4250,443449
2026-09-07T05:40:00+00:00,2.4250,2.4310,2.4160,2.4200,180937
2026-09-07T05:45:00+00:00,2.4190,2.4290,2.4160,2.4220,163615
2026-09-07T05:50:00+00:00,2.4230,2.4230,2.3950,2.3980,692183
2026-09-07T05:55:00+00:00,2.3980,2.3990,2.3880,2.3900,350202
2026-09-07T06:00:00+00:00,2.3900,2.3940,2.3860,2.3930,237929
2026-09-07T06:05:00+00:00,2.3920,2.3970,2.3880,2.3950,287733
2026-09-07T06:10:00+00:00,2.3950,2.4090,2.3940,2.4030,320547
2026-09-07T06:15:00+00:00,2.4030,2.4090,2.4020,2.4060,129701
2026-09-07T06:20:00+00:00,2.4050,2.4310,2.4020,2.4170,506942
2026-09-07T06:25:00+00:00,2.4180,2.4250,2.4070,2.4130,366850
2026-09-07T06:30:00+00:00,2.4130,2.4230,2.4080,2.4130,403771
2026-09-07T06:35:00+00:00,2.4130,2.4170,2.4050,2.4140,347937
2026-09-07T06:40:00+00:00,2.4130,2.4170,2.4090,2.4120,169415
2026-09-07T06:45:00+00:00,2.4110,2.4300,2.4090,2.4250,332588
2026-09-07T06:50:00+00:00,2.4250,2.4320,2.4150,2.4160,461703
2026-09-07T06:55:00+00:00,2.4160,2.4270,2.4110,2.4260,273358
2026-09-07T07:00:00+00:00,2.4260,2.4290,2.4180,2.4180,324951
2026-09-07T07:05:00+00:00,2.4190,2.4230,2.4030,2.4060,472663
2026-09-07T07:10:00+00:00,2.4060,2.4080,2.3910,2.3970,815893
2026-09-07T07:15:00+00:00,2.3970,2.3970,2.3780,2.3830,540571
2026-09-07T07:20:00+00:00,2.3830,2.3850,2.3750,2.3810,648820
2026-09-07T07:25:00+00:00,2.3820,2.3860,2.3710,2.3730,485684
2026-09-07T07:30:00+00:00,2.3730,2.3870,2.3610,2.3630,829736
2026-09-07T07:35:00+00:00,2.3630,2.3670,2.3010,2.3040,5752351
2026-09-07T07:40:00+00:00,2.3040,2.3150,2.2940,2.3120,2030430
2026-09-07T07:45:00+00:00,2.3120,2.3150,2.3030,2.3070,835347
2026-09-07T07:50:00+00:00,2.3070,2.3090,2.2900,2.2920,923380
2026-09-07T07:55:00+00:00,2.2930,2.3060,2.2930,2.3010,1357051
2026-09-07T08:00:00+00:00,2.3010,2.3120,2.2990,2.3080,655173
2026-09-07T08:05:00+00:00,2.3070,2.3370,2.3060,2.3370,1139504
2026-09-07T08:10:00+00:00,2.3360,2.3370,2.3260,2.3350,1019943
2026-09-07T08:15:00+00:00,2.3350,2.3420,2.3310,2.3400,464570
2026-09-07T08:20:00+00:00,2.3400,2.3440,2.3360,2.3430,346715
2026-09-07T08:25:00+00:00,2.3420,2.3500,2.3410,2.3470,456216
2026-09-07T08:30:00+00:00,2.3470,2.3530,2.3440,2.3450,369479
2026-09-07T08:35:00+00:00,2.3450,2.3470,2.3380,2.3440,298744
2026-09-07T08:40:00+00:00,2.3450,2.3500,2.3440,2.3470,228461
2026-09-07T08:45:00+00:00,2.3460,2.3480,2.3380,2.3400,232111
2026-09-07T08:50:00+00:00,2.3390,2.3450,2.3390,2.3450,151492
2026-09-07T08:55:00+00:00,2.3440,2.3480,2.3390,2.3420,258143
2026-09-07T09:00:00+00:00,2.3420,2.3480,2.3300,2.3380,818617
2026-09-07T09:05:00+00:00,2.3370,2.3460,2.3320,2.3460,305842
2026-09-07T09:10:00+00:00,2.3460,2.3550,2.3430,2.3510,348477
2026-09-07T09:15:00+00:00,2.3510,2.3530,2.3460,2.3530,166553
2026-09-07T09:20:00+00:00,2.3530,2.3580,2.3490,2.3530,254423
2026-09-07T09:25:00+00:00,2.3530,2.3560,2.3510,2.3540,148585
2026-09-07T09:30:00+00:00,2.3530,2.3540,2.3460,2.3460,229307
2026-09-07T09:35:00+00:00,2.3460,2.3500,2.3440,2.3500,129361
2026-09-07T09:40:00+00:00,2.3490,2.3530,2.3490,2.3500,111191
2026-09-07T09:45:00+00:00,2.3500,2.3530,2.3470,2.3480,117552
2026-09-07T09:50:00+00:00,2.3480,2.3530,2.3360,2.3370,305858
2026-09-07T09:55:00+00:00,2.3370,2.3380,2.3330,2.3340,246569
2026-09-07T10:00:00+00:00,2.3350,2.3540,2.3340,2.3510,456024
2026-09-07T10:05:00+00:00,2.3520,2.3620,2.3410,2.3420,372479
2026-09-07T10:10:00+00:00,2.3420,2.3540,2.3360,2.3460,501305
2026-09-07T10:15:00+00:00,2.3460,2.3540,2.3440,2.3480,202140
2026-09-07T10:20:00+00:00,2.3480,2.3510,2.3450,2.3500,110393
2026-09-07T10:25:00+00:00,2.3510,2.3560,2.3490,2.3490,235089
2026-09-07T10:30:00+00:00,2.3500,2.3520,2.3470,2.3520,89254
2026-09-07T10:35:00+00:00,2.3530,2.3530,2.3460,2.3480,125774
2026-09-07T10:40:00+00:00,2.3480,2.3550,2.3460,2.3540,427803
2026-09-07T10:45:00+00:00,2.3550,2.3620,2.3480,2.3510,416104
2026-09-07T10:50:00+00:00,2.3510,2.3570,2.3490,2.3530,207082
2026-09-07T10:55:00+00:00,2.3530,2.3530,2.3440,2.3490,207965
2026-09-07T11:00:00+00:00,2.3500,2.3570,2.3480,2.3510,199300
2026-09-07T11:05:00+00:00,2.3500,2.3530,2.3480,2.3490,223574
2026-09-07T11:10:00+00:00,2.3490,2.3550,2.3440,2.3460,542206
2026-09-07T11:15:00+00:00,2.3460,2.3520,2.3410,2.3500,274573
2026-09-07T11:20:00+00:00,2.3500,2.3610,2.3480,2.3580,311036
2026-09-07T11:25:00+00:00,2.3570,2.3600,2.3490,2.3520,97933
2026-09-07T11:30:00+00:00,2.3520,2.3540,2.3490,2.3490,157033
2026-09-07T11:35:00+00:00,2.3500,2.3530,2.3470,2.3490,589027
2026-09-07T11:40:00+00:00,2.3490,2.3620,2.3470,2.3570,418756
2026-09-07T11:45:00+00:00,2.3580,2.3620,2.3520,2.3520,577132
2026-09-07T11:50:00+00:00,2.3520,2.3600,2.3520,2.3550,288881
2026-09-07T11:55:00+00:00,2.3550,2.3570,2.3460,2.3470,307232
2026-09-07T12:00:00+00:00,2.3470,2.3540,2.3390,2.3400,415307
2026-09-07T12:05:00+00:00,2.3410,2.3460,2.3360,2.3440,162478
2026-09-07T12:10:00+00:00,2.3440,2.3440,2.3310,2.3340,318773
2026-09-07T12:15:00+00:00,2.3340,2.3460,2.3340,2.3450,168185
2026-09-07T12:20:00+00:00,2.3460,2.3460,2.3360,2.3420,165841
2026-09-07T12:25:00+00:00,2.3420,2.3460,2.3380,2.3450,80840
2026-09-07T12:30:00+00:00,2.3460,2.3470,2.3440,2.3450,110321
2026-09-07T12:35:00+00:00,2.3450,2.3460,2.3320,2.3330,267240
2026-09-07T12:40:00+00:00,2.3330,2.3580,2.3330,2.3500,491914
2026-09-07T12:45:00+00:00,2.3510,2.3830,2.3490,2.3810,686400
2026-09-07T12:50:00+00:00,2.3810,2.3830,2.3700,2.3780,388849
2026-09-07T12:55:00+00:00,2.3790,2.3800,2.3700,2.3760,292976
2026-09-07T13:00:00+00:00,2.3750,2.3850,2.3690,2.3820,397681
2026-09-07T13:05:00+00:00,2.3830,2.3950,2.3800,2.3940,381119
2026-09-07T13:10:00+00:00,2.3930,2.3940,2.3860,2.3900,368899
2026-09-07T13:15:00+00:00,2.3910,2.4020,2.3890,2.3960,598520
2026-09-07T13:20:00+00:00,2.3960,2.4040,2.3940,2.4020,347127
2026-09-07T13:25:00+00:00,2.4030,2.4040,2.3880,2.3900,298166
2026-09-07T13:30:00+00:00,2.3910,2.3950,2.3720,2.3740,619196
2026-09-07T13:35:00+00:00,2.3740,2.3830,2.3610,2.3760,534932
2026-09-07T13:40:00+00:00,2.3760,2.3780,2.3590,2.3610,666222
2026-09-07T13:45:00+00:00,2.3610,2.3750,2.3610,2.3650,289448
2026-09-07T13:50:00+00:00,2.3650,2.3760,2.3620,2.3750,214269
2026-09-07T13:55:00+00:00,2.3760,2.3880,2.3750,2.3860,288115
2026-09-07T14:00:00+00:00,2.3860,2.3890,2.3730,2.3750,289629
2026-09-07T14:05:00+00:00,2.3740,2.3760,2.3500,2.3570,657877
2026-09-07T14:10:00+00:00,2.3570,2.3690,2.3510,2.3670,383054
2026-09-07T14:15:00+00:00,2.3680,2.3800,2.3660,2.3780,260728
2026-09-07T14:20:00+00:00,2.3780,2.3790,2.3680,2.3720,281951
2026-09-07T14:25:00+00:00,2.3730,2.3770,2.3660,2.3660,231690
2026-09-07T14:30:00+00:00,2.3660,2.3670,2.3530,2.3560,401753
2026-09-07T14:35:00+00:00,2.3560,2.3580,2.3420,2.3420,507610
2026-09-07T14:40:00+00:00,2.3420,2.3490,2.3400,2.3470,318276
2026-09-07T14:45:00+00:00,2.3480,2.3530,2.3450,2.3520,162460
2026-09-07T14:50:00+00:00,2.3520,2.3730,2.3510,2.3680,316707
2026-09-07T14:55:00+00:00,2.3690,2.3690,2.3550,2.3570,191953
2026-09-07T15:00:00+00:00,2.3570,2.3650,2.3510,2.3520,214397
2026-09-07T15:05:00+00:00,2.3530,2.3550,2.3430,2.3490,326419
2026-09-07T15:10:00+00:00,2.3490,2.3510,2.3410,2.3410,328731
2026-09-07T15:15:00+00:00,2.3410,2.3450,2.3220,2.3440,840900
2026-09-07T15:20:00+00:00,2.3440,2.3490,2.3370,2.3430,357248
2026-09-07T15:25:00+00:00,2.3440,2.3440,2.3290,2.3310,304202
2026-09-07T15:30:00+00:00,2.3320,2.3330,2.3100,2.3140,1099131
2026-09-07T15:35:00+00:00,2.3140,2.3220,2.3080,2.3130,547026
2026-09-07T15:40:00+00:00,2.3130,2.3180,2.3020,2.3060,798113
2026-09-07T15:45:00+00:00,2.3070,2.3180,2.2970,2.3140,760168
2026-09-07T15:50:00+00:00,2.3140,2.3160,2.3000,2.3000,317004
2026-09-07T15:55:00+00:00,2.3010,2.3060,2.2820,2.2940,1572578
2026-09-07T16:00:00+00:00,2.2950,2.3050,2.2850,2.3010,695453
2026-09-07T16:05:00+00:00,2.3000,2.3020,2.2910,2.2960,549390
2026-09-07T16:10:00+00:00,2.2960,2.3070,2.2910,2.3070,770922
2026-09-07T16:15:00+00:00,2.3070,2.3130,2.2980,2.3110,332916
2026-09-07T16:20:00+00:00,2.3100,2.3100,2.3030,2.3060,216925
2026-09-07T16:25:00+00:00,2.3060,2.3090,2.2910,2.3010,904252
2026-09-07T16:30:00+00:00,2.3010,2.3030,2.2960,2.2980,283770
2026-09-07T16:35:00+00:00,2.2980,2.3100,2.2960,2.3090,277120
2026-09-07T16:40:00+00:00,2.3090,2.3210,2.3080,2.3170,486910
2026-09-07T16:45:00+00:00,2.3160,2.3210,2.3130,2.3160,159072
2026-09-07T16:50:00+00:00,2.3160,2.3200,2.3130,2.3160,204608
2026-09-07T16:55:00+00:00,2.3150,2.3170,2.3050,2.3100,216815
2026-09-07T17:00:00+00:00,2.3100,2.3130,2.3040,2.3070,124230
2026-09-07T17:05:00+00:00,2.3080,2.3190,2.3080,2.3160,173841
2026-09-07T17:10:00+00:00,2.3170,2.3250,2.3140,2.3230,255986
2026-09-07T17:15:00+00:00,2.3230,2.3260,2.3190,2.3240,163533
2026-09-07T17:20:00+00:00,2.3240,2.3340,2.3240,2.3270,568287
2026-09-07T17:25:00+00:00,2.3270,2.3340,2.3260,2.3310,138997
2026-09-07T17:30:00+00:00,2.3320,2.3390,2.3280,2.3280,208002
2026-09-07T17:35:00+00:00,2.3290,2.3300,2.3210,2.3250,299613
2026-09-07T17:40:00+00:00,2.3260,2.3280,2.3190,2.3190,114497
2026-09-07T17:45:00+00:00,2.3190,2.3220,2.3120,2.3170,178276
2026-09-07T17:50:00+00:00,2.3170,2.3260,2.3160,2.3200,181686
2026-09-07T17:55:00+00:00,2.3200,2.3210,2.3140,2.3180,120588
2026-09-07T18:00:00+00:00,2.3170,2.3240,2.3100,2.3120,208157
2026-09-07T18:05:00+00:00,2.3120,2.3230,2.3050,2.3070,194555
2026-09-07T18:10:00+00:00,2.3080,2.3100,2.3040,2.3060,148940
2026-09-07T18:15:00+00:00,2.3060,2.3080,2.2990,2.3050,253667
2026-09-07T18:20:00+00:00,2.3040,2.3060,2.3000,2.3020,101685
2026-09-07T18:25:00+00:00,2.3020,2.3060,2.2930,2.2990,208770
2026-09-07T18:30:00+00:00,2.3000,2.3010,2.2920,2.2960,124955
2026-09-07T18:35:00+00:00,2.2960,2.3030,2.2950,2.2950,127022
2026-09-07T18:40:00+00:00,2.2950,2.2990,2.2940,2.2960,118485
2026-09-07T18:45:00+00:00,2.2960,2.3020,2.2960,2.3010,109096
2026-09-07T18:50:00+00:00,2.3010,2.3110,2.3000,2.3080,125867
2026-09-07T18:55:00+00:00,2.3090,2.3090,2.3030,2.3040,60367
2026-09-07T19:00:00+00:00,2.3040,2.3040,2.3000,2.3000,97757
2026-09-07T19:05:00+00:00,2.3000,2.3030,2.2980,2.3010,91627
2026-09-07T19:10:00+00:00,2.3010,2.3080,2.2990,2.3080,125739
2026-09-07T19:15:00+00:00,2.3080,2.3130,2.3060,2.3090,124960
2026-09-07T19:20:00+00:00,2.3100,2.3160,2.3090,2.3150,88028
2026-09-07T19:25:00+00:00,2.3160,2.3190,2.3010,2.3070,227883
2026-09-07T19:30:00+00:00,2.3070,2.3110,2.3010,2.3110,338789
2026-09-07T19:35:00+00:00,2.3100,2.3170,2.3070,2.3170,92026
2026-09-07T19:40:00+00:00,2.3160,2.3170,2.3110,2.3130,123361
2026-09-07T19:45:00+00:00,2.3140,2.3170,2.3110,2.3160,103158
2026-09-07T19:50:00+00:00,2.3150,2.3220,2.3130,2.3190,155293
2026-09-07T19:55:00+00:00,2.3180,2.3200,2.3150,2.3200,78734
2026-09-07T20:00:00+00:00,2.3190,2.3200,2.3110,2.3140,175263
2026-09-07T20:05:00+00:00,2.3130,2.3130,2.3020,2.3040,177078
2026-09-07T20:10:00+00:00,2.3050,2.3090,2.3040,2.3080,114483
2026-09-07T20:15:00+00:00,2.3070,2.3160,2.3060,2.3130,129249
2026-09-07T20:20:00+00:00,2.3140,2.3160,2.3100,2.3120,140780
2026-09-07T20:25:00+00:00,2.3120,2.3180,2.3100,2.3170,65713
2026-09-07T20:30:00+00:00,2.3170,2.3260,2.3170,2.3260,187763
2026-09-07T20:35:00+00:00,2.3260,2.3310,2.3210,2.3240,195894
2026-09-07T20:40:00+00:00,2.3240,2.3260,2.3190,2.3240,107060
2026-09-07T20:45:00+00:00,2.3250,2.3310,2.3160,2.3200,228696
2026-09-07T20:50:00+00:00,2.3210,2.3240,2.3180,2.3180,97688
2026-09-07T20:55:00+00:00,2.3180,2.3220,2.3160,2.3200,64232
2026-09-07T21:00:00+00:00,2.3190,2.3270,2.3190,2.3250,92605
2026-09-07T21:05:00+00:00,2.3260,2.3270,2.3220,2.3230,57608
2026-09-07T21:10:00+00:00,2.3240,2.3320,2.3240,2.3300,221696
2026-09-07T21:15:00+00:00,2.3300,2.3310,2.3210,2.3240,138063
2026-09-07T21:20:00+00:00,2.3250,2.3260,2.3190,2.3220,77150
2026-09-07T21:25:00+00:00,2.3230,2.3250,2.3220,2.3230,47474
2026-09-07T21:30:00+00:00,2.3240,2.3250,2.3160,2.3160,75352
2026-09-07T21:35:00+00:00,2.3170,2.3170,2.3070,2.3070,102464
2026-09-07T21:40:00+00:00,2.3070,2.3150,2.3050,2.3110,120358
2026-09-07T21:45:00+00:00,2.3110,2.3120,2.3070,2.3070,24115
2026-09-07T21:50:00+00:00,2.3070,2.3080,2.3020,2.3060,88614
2026-09-07T21:55:00+00:00,2.3070,2.3120,2.3070,2.3090,51865
2026-09-07T22:00:00+00:00,2.3090,2.3100,2.2960,2.3050,204676
2026-09-07T22:05:00+00:00,2.3050,2.3110,2.3030,2.3110,133284
2026-09-07T22:10:00+00:00,2.3110,2.3160,2.3060,2.3060,101913
2026-09-07T22:15:00+00:00,2.3070,2.3080,2.2980,2.3010,202661
2026-09-07T22:20:00+00:00,2.3020,2.3070,2.2960,2.3060,167284
2026-09-07T22:25:00+00:00,2.3070,2.3100,2.3020,2.3040,131283
2026-09-07T22:30:00+00:00,2.3030,2.3030,2.2870,2.2880,271585
2026-09-07T22:35:00+00:00,2.2890,2.2910,2.2750,2.2790,743337
2026-09-07T22:40:00+00:00,2.2790,2.2860,2.2660,2.2820,521383
2026-09-07T22:45:00+00:00,2.2830,2.2900,2.2810,2.2890,369424
2026-09-07T22:50:00+00:00,2.2880,2.2970,2.2870,2.2930,252522
2026-09-07T22:55:00+00:00,2.2930,2.2960,2.2880,2.2930,195904
2026-09-07T23:00:00+00:00,2.2920,2.2980,2.2860,2.2900,662971
2026-09-07T23:05:00+00:00,2.2900,2.3090,2.2880,2.3040,342913
2026-09-07T23:10:00+00:00,2.3050,2.3130,2.3030,2.3110,265263
2026-09-07T23:15:00+00:00,2.3110,2.3110,2.2970,2.3020,273380
2026-09-07T23:20:00+00:00,2.3030,2.3030,2.2930,2.2970,96947
2026-09-07T23:25:00+00:00,2.2970,2.3040,2.2970,2.3040,135395
2026-09-07T23:30:00+00:00,2.3030,2.3040,2.3000,2.3000,100194
2026-09-07T23:35:00+00:00,2.3000,2.3050,2.3000,2.3040,152546
2026-09-07T23:40:00+00:00,2.3040,2.3090,2.3020,2.3080,146246
2026-09-07T23:45:00+00:00,2.3080,2.3160,2.3050,2.3140,143732
2026-09-07T23:50:00+00:00,2.3140,2.3150,2.3080,2.3100,125800
2026-09-07T23:55:00+00:00,2.3100,2.3120,2.3050,2.3070,155979
